county,lat,lng
Los Angeles,34.3209,-118.2247
Cook,41.8401,-87.8168
Harris,29.8578,-95.3936
Maricopa,33.3490,-112.4915
San Diego,33.0343,-116.7350
Orange,33.7031,-117.7609
Miami-Dade,25.6149,-80.5623
Dallas,32.7666,-96.7778
Kings,40.6395,-73.9385
Riverside,33.7437,-115.9938
Queens,40.7023,-73.8203
Clark,36.2152,-115.0135
King,47.4902,-121.8052
San Bernardino,34.8414,-116.1785
Tarrant,32.7719,-97.2911
Bexar,29.4489,-98.5200
Broward,26.1523,-80.4871
Santa Clara,37.2318,-121.6951
Wayne,42.2819,-83.2822
Alameda,37.6469,-121.8888
New York,40.7784,-73.9674
Middlesex,42.4856,-71.3918
Philadelphia,40.0077,-75.1339
Sacramento,38.4493,-121.3443
Palm Beach,26.6476,-80.4655
Suffolk,40.8686,-72.8448
Hillsborough,27.9292,-82.3092
Bronx,40.8500,-73.8661
Orange,28.5144,-81.3235
Nassau,40.7328,-73.5865
Franklin,39.9695,-83.0093
Oakland,42.6604,-83.3858
Hennepin,45.0045,-93.4770
Travis,30.3344,-97.7820
Cuyahoga,41.4243,-81.6586
Allegheny,40.4688,-79.9812
Fairfax,38.8368,-77.2770
Contra Costa,37.9191,-121.9277
Salt Lake,40.6673,-111.9236
Mecklenburg,35.2467,-80.8328
Wake,35.7903,-78.6503
Fulton,33.7903,-84.4670
Montgomery,39.1363,-77.2042
Pima,32.0974,-111.7899
Collin,33.1880,-96.5724
St. Louis,38.6407,-90.4434
Fresno,36.7582,-119.6493
Honolulu,21.5008,-158.1053
Pinellas,27.9199,-82.7256
Westchester,41.1624,-73.7561
Marion,39.7817,-86.1385
Milwaukee,43.0072,-87.9669
Duval,30.3316,-81.6708
Fairfield,41.2711,-73.3893
Shelby,35.1842,-89.8940
Bergen,40.9597,-74.0742
Gwinnett,33.9617,-84.0236
DuPage,41.8520,-88.0856
Erie,42.7639,-78.7323
Prince George's,38.8295,-76.8473
Kern,35.3426,-118.7301
Hartford,41.8064,-72.7329
Pierce,47.0241,-122.1046
San Francisco,37.7558,-122.4449
Macomb,42.6957,-82.9323
Denton,33.2055,-97.1168
Hidalgo,26.3967,-98.1811
New Haven,41.4106,-72.9321
Ventura,34.4561,-119.0836
El Paso,31.7686,-106.2348
Baltimore,39.4627,-76.6393
Montgomery,40.2108,-75.3673
Worcester,42.3514,-71.9077
Middlesex,40.4392,-74.4117
Hamilton,39.1955,-84.5428
Snohomish,48.0475,-121.6975
Multnomah,45.5468,-122.4148
Suffolk,42.3334,-71.0719
Essex,40.7872,-74.2471
Oklahoma,35.5515,-97.4072
Fort Bend,29.5275,-95.7709
Essex,42.6732,-70.9520
Jefferson,38.1872,-85.6591
San Mateo,37.4229,-122.3290
Cobb,33.9415,-84.5767
Lee,26.5779,-81.8337
DeKalb,33.7715,-84.2264
San Joaquin,37.9348,-121.2714
Monroe,43.1464,-77.6961
Denver,39.7620,-104.8758
El Paso,38.8321,-104.5255
Polk,27.9489,-81.6977
Norfolk,42.1605,-71.2114
District of Columbia,38.9047,-77.0163
Jackson,39.0085,-94.3461
Lake,42.3233,-88.0037
Davidson,36.1695,-86.7847
Will,41.4450,-87.9786
Bernalillo,35.0514,-106.6702
Hudson,40.7371,-74.0779
Jefferson,33.5543,-86.8964
Kent,43.0322,-85.5493
Tulsa,36.1211,-95.9415
Arapahoe,39.6498,-104.3392
Providence,41.8721,-71.5800
Bucks,40.3370,-75.1069
Utah,40.1199,-111.6703
Monmouth,40.2603,-74.2213
Baltimore,39.3051,-76.6144
Ocean,39.8855,-74.2813
Johnson,38.8838,-94.8223
Washington,45.5601,-123.0983
Brevard,28.2936,-80.7323
Montgomery,30.3002,-95.5030
Jefferson,39.5864,-105.2505
Anne Arundel,39.0065,-76.6051
Williamson,30.6475,-97.6004
Douglas,41.2954,-96.1543
Delaware,39.9167,-75.3991
Bristol,41.7972,-71.1144
New Castle,39.5768,-75.6527
Union,40.6601,-74.3087
Ramsey,45.0171,-93.0996
Stanislaus,37.5591,-120.9977
Volusia,29.0583,-81.1819
Lancaster,40.0424,-76.2477
Dane,43.0673,-89.4181
Summit,41.1260,-81.5322
Pasco,28.3091,-82.3932
Guilford,36.0795,-79.7889
Montgomery,39.7547,-84.2907
Kane,41.9388,-88.4286
Chester,39.9731,-75.7484
Plymouth,41.9512,-70.8114
Greenville,34.8941,-82.3706
Sedgwick,37.6848,-97.4610
Spokane,47.6207,-117.4040
Adams,39.8737,-104.3379
Camden,39.8035,-74.9597
Passaic,41.0343,-74.3008
Sonoma,38.5289,-122.8881
Morris,40.8620,-74.5445
Lake,41.4167,-87.3821
Polk,41.6855,-93.5735
Clark,45.7791,-122.4826
Richmond,40.5808,-74.1524
Ada,43.4511,-116.2412
Prince William,38.7029,-77.4809
Seminole,28.7170,-81.2363
Hampden,42.1351,-72.6316
Knox,35.9932,-83.9371
Washoe,40.6656,-119.6643
Tulare,36.2202,-118.8005
Onondaga,43.0058,-76.1946
Virginia Beach,36.7335,-76.0435
York,39.9200,-76.7265
Pinal,32.9044,-111.3448
Burlington,39.8777,-74.6681
Santa Barbara,34.6729,-120.0169
Solano,38.2700,-121.9329
East Baton Rouge,30.5383,-91.0956
Jefferson,29.7872,-90.1274
Monterey,36.2171,-121.2388
Lucas,41.6197,-83.6590
Sarasota,27.1845,-82.3315
Dakota,44.6719,-93.0654
Cameron,26.1333,-97.5182
Berks,40.4163,-75.9260
Hillsborough,42.9153,-71.7161
Clackamas,45.1880,-122.2209
Richland,34.0218,-80.9031
Mobile,30.7872,-88.2058
Charleston,32.8346,-79.9531
Genesee,43.0217,-83.7067
Loudoun,39.0907,-77.6357
Waukesha,43.0182,-88.3045
St. Charles,38.7820,-90.6749
Manatee,27.4719,-82.3153
Pulaski,34.7700,-92.3120
Placer,39.0634,-120.7177
Orleans,30.0687,-89.9288
Butler,39.4386,-84.5756
Orange,41.4021,-74.3056
Collier,26.1107,-81.3475
Forsyth,36.1306,-80.2563
Lane,43.9387,-122.8479
Allen,41.0909,-85.0666
Stark,40.8139,-81.3656
Washtenaw,42.2532,-83.8388
Mercer,40.2834,-74.7018
Brazoria,29.1897,-95.4521
Madison,34.7631,-86.5502
Lehigh,40.6127,-75.5924
Hamilton,35.1808,-85.1648
Osceola,28.0626,-81.1495
Nueces,27.7254,-97.6134
Marion,29.2102,-82.0567
Lake,28.7615,-81.7113
Bell,31.0373,-97.4788
Anoka,45.2733,-93.2465
Davis,40.9900,-112.1115
Westmoreland,40.3109,-79.4668
Larimer,40.6664,-105.4612
Chesterfield,37.3785,-77.5870
Douglas,39.3297,-104.9296
Horry,33.9214,-78.9966
Marion,44.9033,-122.5846
Galveston,29.3945,-94.9635
Cumberland,35.0487,-78.8277
Hamilton,40.0725,-86.0520
Somerset,40.5635,-74.6163
Henrico,37.5380,-77.4058
Rockland,41.1524,-74.0241
Boulder,40.0925,-105.3577
Rutherford,35.8427,-86.4167
Howard,39.2507,-76.9312
Fayette,38.0423,-84.4587
St. Lucie,27.3772,-80.4720
Durham,36.0360,-78.8766
Luzerne,41.1770,-75.9891
Escambia,30.6690,-87.3630
Lancaster,40.7842,-96.6878
Weld,40.5548,-104.3925
Spartanburg,34.9309,-81.9908
Lorain,41.2956,-82.1510
Lubbock,33.6102,-101.8205
Rockingham,42.9876,-71.1254
McHenry,42.3244,-88.4523
Albany,42.6002,-73.9736
St. Louis,38.6359,-90.2451
Northampton,40.7542,-75.3076
Lexington,33.9023,-81.2722
Cumberland,43.8465,-70.3990
Dutchess,41.7651,-73.7429
Anchorage,61.1508,-149.1091
Leon,30.4580,-84.2779
Gloucester,39.7173,-75.1414
Greene,37.2580,-93.3420
Ingham,42.5971,-84.3735
Chatham,32.0043,-81.1329
Ottawa,42.9598,-85.9961
Clayton,33.5419,-84.3577
Thurston,46.9258,-122.8332
Winnebago,42.3363,-89.1609
San Luis Obispo,35.3871,-120.4044
Cleveland,35.2031,-97.3265
Dauphin,40.4154,-76.7795
Webb,27.7611,-99.3316
York,34.9748,-81.1845
Merced,37.1919,-120.7177
Benton,36.3387,-94.2561
Santa Cruz,37.0562,-122.0018
Erie,41.9925,-80.0327
St. Joseph,41.6167,-86.2899
Kitsap,47.6130,-122.6716
Alachua,29.6748,-82.3577
New London,41.4867,-72.1014
Atlantic,39.4777,-74.6610
Madison,38.8297,-89.9049
Kalamazoo,42.2455,-85.5312
Brown,44.4525,-88.0037
St. Clair,38.4703,-89.9284
Buncombe,35.6112,-82.5301
Marin,38.0735,-122.7235
Washington,45.0388,-92.8838
St. Tammany,30.4102,-89.9583
Frederick,39.4722,-77.3980
St. Johns,29.9016,-81.4407
Weber,41.2698,-111.9134
McLennan,31.5524,-97.2018
Cherokee,34.2439,-84.4762
Harford,39.5611,-76.3171
Jefferson,29.8841,-94.1629
Cumberland,40.1636,-77.2655
Yakima,46.4570,-120.7385
Clay,39.3105,-94.4209
Norfolk,36.8945,-76.2590
Lafayette,30.2068,-92.0639
Caddo,32.5806,-93.8823
Chesapeake,36.6778,-76.3023
Forsyth,34.2255,-84.1251
Arlington,38.8786,-77.1011
Washington,35.9791,-94.2156
Union,34.9884,-80.5307
Hinds,32.2667,-90.4429
Warren,39.4277,-84.1668
Yavapai,34.5998,-112.5537
Williamson,35.8938,-86.8987
New Hanover,34.2328,-77.8847
Sussex,38.6606,-75.3900
Smith,32.3750,-95.2692
Henry,33.4530,-84.1542
Lake,41.6963,-81.2373
Saratoga,43.1074,-73.8639
Richmond,37.5295,-77.4756
Oneida,43.2417,-75.4358
Mahoning,41.0146,-80.7763
Montgomery,32.2203,-86.2076
Brazos,30.6608,-96.3024
Linn,42.0790,-91.5990
Jefferson,38.2611,-90.5377
Whatcom,48.8258,-121.7196
Canyon,43.6251,-116.7093
Butte,39.6669,-121.6007
Hays,30.0579,-98.0312
Gaston,35.2944,-81.1803
Berkeley,33.1973,-79.9522
Jackson,42.4322,-122.7285
Yolo,38.6866,-121.9016
Baldwin,30.7276,-87.7226
Do√±a Ana,32.3526,-106.8327
Shelby,33.2643,-86.6607
Clay,29.9831,-81.8579
Barnstable,41.7244,-70.2904
Yuma,32.7695,-113.9057
Cabarrus,35.3868,-80.5519
Mohave,35.7041,-113.7579
Lackawanna,41.4367,-75.6093
Niagara,43.2001,-78.7453
Champaign,40.1401,-88.1992
Tuscaloosa,33.2896,-87.5251
Okaloosa,30.6913,-86.5917
Washington,40.1894,-80.2483
Harrison,30.5122,-89.1161
York,43.4782,-70.7144
Clermont,39.0476,-84.1517
Delaware,40.2784,-83.0049
Elkhart,41.5974,-85.8587
Montgomery,36.4969,-87.3829
Johnston,35.5178,-78.3657
Calcasieu,30.2293,-93.3580
Richmond,33.3596,-82.0736
Hall,34.3169,-83.8197
Hawaii,19.5985,-155.5185
Benton,46.2398,-119.5112
Anderson,34.5193,-82.6378
St. Louis,47.6032,-92.4707
Trumbull,41.3172,-80.7611
Onslow,34.7321,-77.4321
Sangamon,39.7582,-89.6589
Racine,42.7475,-88.0612
Muscogee,32.5100,-84.8771
Tippecanoe,40.3886,-86.8941
Broome,42.1602,-75.8196
Deschutes,43.9150,-121.2282
Minnehaha,43.6742,-96.7915
Saginaw,43.3350,-84.0532
Livingston,42.6029,-83.9115
Hernando,28.5535,-82.4245
El Dorado,38.7787,-120.5247
Beaufort,32.3855,-80.7302
Butler,40.9120,-79.9133
Sumner,36.4694,-86.4604
Outagamie,44.4161,-88.4649
Charlotte,26.9055,-81.9123
Sarpy,41.1129,-96.1119
DeSoto,34.8753,-89.9912
Vanderburgh,38.0249,-87.5859
Litchfield,41.7925,-73.2453
Peoria,40.7880,-89.7600
Kanawha,38.3366,-81.5281
Imperial,33.0395,-115.3653
Bay,30.2652,-85.6203
Pitt,35.5933,-77.3745
Cass,46.9330,-97.2480
Boone,38.9906,-92.3097
Santa Rosa,30.7004,-87.0219
Newport News,37.1051,-76.5185
Ellis,32.3484,-96.7946
Shasta,40.7637,-122.0405
Kent,39.0860,-75.5686
Medina,41.1176,-81.8997
Iredell,35.8070,-80.8734
Ulster,41.8881,-74.2586
Shawnee,39.0415,-95.7565
Licking,40.0916,-82.4831
Muskegon,43.2912,-86.1520
Scott,41.6371,-90.6233
McLean,40.4909,-88.8473
Washington,37.2804,-113.5048
Johnson,32.3790,-97.3665
Midland,31.8691,-102.0316
Winnebago,44.0689,-88.6447
Aiken,33.5443,-81.6347
Porter,41.4603,-87.0671
Kenosha,42.5769,-88.0424
Monroe,41.0581,-75.3395
Carroll,39.5629,-77.0225
Greene,39.6915,-83.8899
Pueblo,38.1735,-104.5127
Davidson,35.7933,-80.2128
Hendricks,39.7695,-86.5100
Maui,20.8596,-156.5649
Kenton,38.9334,-84.5333
Alamance,36.0437,-79.3994
Wyandotte,39.1146,-94.7646
Beaver,40.6823,-80.3493
Paulding,33.9206,-84.8673
Kent,41.6721,-71.5931
Lee,32.6011,-85.3555
Chittenden,44.4608,-73.0808
Guadalupe,29.5830,-97.9486
Middlesex,41.4632,-72.5351
Rock,42.6712,-89.0716
Portage,41.1677,-81.1974
Centre,40.9193,-77.8200
Ector,31.8692,-102.5427
Kootenai,47.6744,-116.7018
Charles,38.5073,-76.9922
Hampshire,42.3402,-72.6638
Dorchester,33.0793,-80.4067
Martin,27.0775,-80.4315
Yellowstone,45.9373,-108.2744
Stearns,45.5521,-94.6130
St. Clair,42.9341,-82.6806
Rensselaer,42.7111,-73.5097
Catawba,35.6620,-81.2151
Alexandria,38.8185,-77.0861
Jackson,42.2485,-84.4234
Sullivan,36.5129,-82.3042
Indian River,27.6943,-80.6062
Olmsted,44.0038,-92.4018
Fairfield,39.7516,-82.6306
Johnson,39.4900,-86.1016
Madera,37.2181,-119.7626
Houston,32.4590,-83.6662
Schenectady,42.8181,-74.0586
Franklin,39.9274,-77.7213
Ouachita,32.4784,-92.1549
Columbia,33.5441,-82.2641
Rankin,32.2641,-89.9458
Berrien,41.9547,-86.4123
Bibb,32.8065,-83.6974
Mesa,39.0183,-108.4665
Penobscot,45.4006,-68.6495
Kings,36.0753,-119.8155
Tolland,41.8550,-72.3365
Merrimack,43.2975,-71.6802
Johnson,41.6715,-91.5881
Washington,39.6036,-77.8140
Santa Fe,35.5069,-105.9763
Stafford,38.4207,-77.4580
Cumberland,39.3738,-75.1107
Monroe,41.9291,-83.5394
Comal,29.8082,-98.2783
Citrus,28.8489,-82.4794
Monroe,39.1609,-86.5231
Scott,44.6485,-93.5359
Orange,36.0611,-79.1207
Coweta,33.3534,-84.7634
Douglas,33.7018,-84.7680
Sandoval,35.6886,-106.8659
Canadian,35.5424,-97.9824
Randolph,35.7103,-79.8060
Jackson,30.5423,-88.6357
Rock Island,41.4673,-90.5674
Coconino,35.8387,-111.7705
Schuylkill,40.7058,-76.2159
Sussex,41.1393,-74.6908
Rowan,35.6394,-80.5248
Wilson,36.1549,-86.2977
Livingston,30.4401,-90.7279
Lebanon,40.3672,-76.4577
Napa,38.5065,-122.3305
Parker,32.7776,-97.8051
Florence,34.0245,-79.7030
Taylor,32.3015,-99.8902
Brunswick,34.0710,-78.2377
Wright,45.1739,-93.9631
Humboldt,40.6993,-123.8756
Randall,34.9659,-101.8969
Washington,43.3685,-88.2307
Marathon,44.8983,-89.7591
Hampton,37.0551,-76.3630
Spotsylvania,38.1849,-77.6561
Clark,39.9168,-83.7839
Harnett,35.3688,-78.8693
Calhoun,42.2465,-85.0056
Tangipahoa,30.6266,-90.4057
Grayson,33.6268,-96.6777
Tazewell,40.5075,-89.5134
Boone,38.9699,-84.7278
Wichita,33.9880,-98.7036
Black Hawk,42.4701,-92.3088
Robeson,34.6402,-79.1039
Blount,35.6872,-83.9255
Cambria,40.4953,-78.7135
Warren,36.9936,-86.4238
Wood,41.3617,-83.6230
Rapides,31.1986,-92.5332
Fayette,39.9201,-79.6474
Strafford,43.2970,-71.0289
Sumter,28.7048,-82.0810
Kaufman,32.5993,-96.2878
Madison,40.1617,-85.7194
Washington,36.2933,-82.4974
Sebastian,35.1988,-94.2743
Chautauqua,42.2281,-79.3663
Kendall,41.5906,-88.4288
Skagit,48.4793,-121.7305
Linn,44.4887,-122.5344
Bossier,32.6784,-93.6049
Clarke,33.9512,-83.3673
Cochise,31.8795,-109.7512
Cache,41.7224,-111.7436
Washington,41.4697,-71.6225
Berkshire,42.3707,-73.2064
San Juan,36.5085,-108.3206
Pickens,34.8873,-82.7253
Hunterdon,40.5673,-74.9122
Ascension,30.2036,-90.9113
Faulkner,35.1470,-92.3320
Wayne,35.3640,-78.0040
Gregg,32.4805,-94.8170
Blair,40.4811,-78.3484
Kennebec,44.4091,-69.7673
Comanche,34.6621,-98.4717
Douglas,38.8847,-95.2926
Richland,40.7747,-82.5365
Saline,34.6467,-92.6766
Jasper,37.2035,-94.3406
Morgan,34.4535,-86.8529
Missoula,47.0365,-113.9237
Carroll,33.5828,-85.0798
Tom Green,31.4044,-100.4622
Potter,35.4013,-101.8941
La Crosse,43.9066,-91.1152
Oswego,43.4269,-76.1413
Berkeley,39.4641,-78.0275
Clark,38.4772,-85.7073
Allegan,42.5913,-85.8884
Bonneville,43.3877,-111.6148
Windham,41.8300,-71.9874
Lowndes,30.8338,-83.2677
Henderson,35.3363,-82.4800
Wayne,40.8289,-81.8880
Sheboygan,43.7212,-87.9454
Delaware,40.2275,-85.3969
Calhoun,33.7714,-85.8260
Lycoming,41.3434,-77.0645
Fayette,33.4139,-84.4943
St. Mary's,38.3024,-76.6059
Flagler,29.4614,-81.3136
Pennington,44.0037,-102.8238
Jefferson,44.0495,-75.9208
Gallatin,45.5404,-111.1704
Terrebonne,29.4148,-90.8663
Mercer,41.3022,-80.2577
Navajo,35.3996,-110.3214
LaPorte,41.5460,-86.7400
Douglas,43.2797,-123.1665
Kankakee,41.1377,-87.8618
Newton,33.5550,-83.8502
Ontario,42.8528,-77.2998
Eaton,42.5961,-84.8383
Hardin,37.6979,-85.9634
Craighead,35.8308,-90.6328
LaSalle,41.3440,-88.8859
Albemarle,38.0229,-78.5567
Cowlitz,46.1932,-122.6810
St. Lawrence,44.4964,-75.0690
Androscoggin,44.1658,-70.2065
Matanuska-Susitna,62.3155,-149.5728
Vigo,39.4306,-87.3900
Bradley,35.1541,-84.8596
Sumter,33.9162,-80.3823
Hanover,37.7601,-77.4910
Bartow,34.2377,-84.8403
Monongalia,39.6303,-80.0466
Yamhill,45.2327,-123.3081
Miami,40.0535,-84.2289
Warren,40.8572,-74.9973
Madison,32.6347,-90.0337
Houston,31.1532,-85.3025
Macon,39.8600,-88.9615
Cass,38.6470,-94.3549
DeKalb,41.8935,-88.7703
Highlands,27.3434,-81.3410
Eau Claire,44.7268,-91.2860
Whitfield,34.8056,-84.9672
Franklin,38.4111,-91.0750
Carver,44.8207,-93.8026
Bay,43.7074,-83.9921
Walworth,42.6685,-88.5419
Wicomico,38.3733,-75.6208
Cecil,39.5712,-75.9407
Platte,39.3803,-94.7738
Allen,40.7715,-84.1058
Etowah,34.0453,-86.0348
Woodbury,42.3897,-96.0448
Fond du Lac,43.7536,-88.4882
Adams,39.8715,-77.2179
Columbiana,40.7684,-80.7772
Craven,35.1249,-77.0939
Tompkins,42.4520,-76.4736
Flathead,48.2951,-114.0497
Rockwall,32.8978,-96.4079
Daviess,37.7318,-87.0873
Nevada,39.3013,-120.7688
Laramie,41.3071,-104.6896
Moore,35.3106,-79.4814
Roanoke,37.2785,-79.9581
Garland,34.5767,-93.1504
Putnam,41.4267,-73.7495
Montgomery,37.1743,-80.3872
Fairbanks North Star,64.8078,-146.5654
Lenawee,41.8951,-84.0664
Sevier,35.7846,-83.5242
Lafourche,29.5661,-90.4256
Madison,35.6082,-88.8385
Floyd,34.2632,-85.2143
Cleveland,35.3341,-81.5555
Ashtabula,41.7074,-80.7483
Story,42.0362,-93.4650
Dubuque,42.4688,-90.8825
Limestone,34.8101,-86.9814
Grant,47.2057,-119.4517
Sutter,39.0346,-121.6948
Hunt,33.1236,-96.0855
Marshall,34.3670,-86.3066
Sherburne,45.4439,-93.7746
Steuben,42.2678,-77.3838
Burleigh,46.9775,-100.4687
Lancaster,34.6867,-80.7054
Portsmouth,36.8468,-76.3540
Maury,35.6169,-87.0770
Nash,35.9673,-77.9864
Roanoke,37.2693,-80.0680
Franklin,46.5347,-118.8989
Geauga,41.4995,-81.1786
Bowie,33.4458,-94.4234
Campbell,38.9465,-84.3795
Pottawattamie,41.3366,-95.5423
Cabell,38.4203,-82.2417
Walton,33.7816,-83.7339
Lauderdale,34.9014,-87.6540
Cape May,39.1496,-74.8002
Grand Traverse,44.6688,-85.5605
Benton,44.4918,-123.4293
Tuscarawas,40.4409,-81.4738
Calvert,38.5434,-76.5687
Madison,37.7202,-84.2780
Rogers,36.3715,-95.6043
Victoria,28.7963,-96.9715
Suffolk,36.6953,-76.6398
Northumberland,40.8519,-76.7095
Rockingham,36.3960,-79.7750
Dallas,41.6849,-94.0398
Grafton,43.9407,-71.8208
Rockdale,33.6543,-84.0266
Burke,35.7496,-81.7048
Wayne,43.1566,-77.0294
St. Croix,45.0340,-92.4526
Ozaukee,43.3840,-87.9510
St. Clair,33.7157,-86.3146
Dougherty,31.5334,-84.2163
Frederick,39.2046,-78.2626
Lapeer,43.0901,-83.2218
Buchanan,39.6598,-94.8059
Dodge,43.4163,-88.7075
Christian,36.9696,-93.1889
Angelina,31.2548,-94.6119
Mendocino,39.4402,-123.3915
Josephine,42.3655,-123.5555
Orangeburg,33.4390,-80.8003
Bastrop,30.1036,-97.3120
Bannock,42.6685,-112.2246
Twin Falls,42.3560,-114.6672
Liberty,30.1516,-94.8122
Lawrence,40.9912,-80.3347
Muskingum,39.9654,-81.9444
Nassau,30.6107,-81.8016
Lee,34.2899,-88.6804
Crawford,41.6847,-80.1062
Glynn,31.2309,-81.5407
Jefferson,43.0208,-88.7759
Polk,44.9035,-123.4132
Lincoln,35.4856,-81.2235
Indiana,40.6520,-79.0876
Wood,39.2112,-81.5150
Island,48.1630,-122.5481
Chemung,42.1412,-76.7600
Orange,30.1213,-93.8939
Midland,43.6468,-84.3881
Cullman,34.1319,-86.8676
Bartholomew,39.2060,-85.8976
St. Landry,30.5989,-92.0058
Newport,41.5566,-71.2365
Howard,40.4836,-86.1169
Caldwell,35.9530,-81.5464
Henderson,32.2119,-95.8536
Payne,36.0773,-96.9756
Wilson,35.7051,-77.9187
Cascade,47.3080,-111.3470
Elmore,32.5966,-86.1491
Leavenworth,39.1993,-95.0380
Barrow,33.9932,-83.7127
Rockingham,38.5120,-78.8758
Lynchburg,37.4003,-79.1909
Bullitt,37.9701,-85.6959
Clinton,44.7462,-73.6782
Wagoner,35.9611,-95.5212
Talladega,33.3801,-86.1659
Natrona,42.9622,-106.7985
Clearfield,41.0000,-78.4742
Lewis,46.5778,-122.3927
Kosciusko,41.2441,-85.8607
Manitowoc,44.1199,-87.8097
Bedford,37.3152,-79.5242
Clinton,42.9437,-84.6015
Cape Girardeau,37.3840,-89.6844
White,35.2563,-91.7456
Putnam,36.1408,-85.4952
Oconee,34.7535,-83.0659
Floyd,38.3188,-85.9070
Bulloch,32.3968,-81.7432
Yuba,39.2690,-121.3513
Umatilla,45.5919,-118.7369
Cayuga,42.9175,-76.5545
Ross,39.3376,-83.0570
Cattaraugus,42.2486,-78.6788
Vermilion,40.1834,-87.7328
Chelan,47.8692,-120.6190
Cole,38.5054,-92.2816
Hancock,39.8236,-85.7732
Valencia,34.7155,-106.8090
Anderson,36.1185,-84.1985
Clallam,48.0493,-123.9280
Cheshire,42.9194,-72.2512
James City,37.3288,-76.7789
Hancock,41.0019,-83.6665
Augusta,38.1644,-79.1339
Coryell,31.3909,-97.7992
Lauderdale,32.4043,-88.6626
Scioto,38.8039,-82.9929
Van Buren,42.2513,-86.0189
Sullivan,41.7164,-74.7681
Forrest,31.1889,-89.2579
Monroe,25.3185,-81.1087
Raleigh,37.7714,-81.2487
Erie,41.3641,-82.6194
Riley,39.2966,-96.7352
Somerset,39.9725,-79.0283
Putnam,29.6086,-81.7443
Grays Harbor,47.1502,-123.7736
Lonoke,34.7543,-91.8888
Wood,44.4553,-90.0416
Chatham,35.7026,-79.2553
Pottawatomie,35.2066,-96.9484
Walker,30.7390,-95.5723
McKinley,35.5807,-108.2618
Kauai,22.0398,-159.5966
Surry,36.4146,-80.6880
Apache,35.3955,-109.4888
Creek,35.9026,-96.3708
Christian,36.8942,-87.4904
DeKalb,34.4598,-85.8041
Walton,30.6436,-86.1696
Allegany,39.6215,-78.6976
Madison,42.9128,-75.6697
Robertson,36.5255,-86.8706
Columbia,30.2242,-82.6215
Portage,44.4760,-89.5014
Iberia,29.8965,-91.7301
Greenwood,34.1537,-82.1259
Franklin,42.5831,-72.5918
Jackson,34.1339,-83.5664
Isabella,43.6406,-84.8468
Lea,32.7921,-103.4125
Fauquier,38.7387,-77.8092
Grand Forks,47.9219,-97.4569
Morgan,39.4815,-86.4462
Troup,33.0335,-85.0283
Tooele,40.4488,-113.1311
Broomfield,39.9542,-105.0526
Walker,34.7356,-85.3010
Carteret,34.8357,-76.6589
Greene,36.1753,-82.8458
Ward,48.2217,-101.5418
Lewis and Clark,47.1224,-112.3905
Muskogee,35.6161,-95.3795
York,37.2431,-76.5635
Wilkes,36.2062,-81.1630
Jones,31.6226,-89.1688
Shiawassee,42.9537,-84.1467
Jefferson,34.2683,-91.9304
Franklin,36.0828,-78.2857
Wise,33.2159,-97.6545
Harrison,39.2835,-80.3798
Klamath,42.6863,-121.6501
Aroostook,46.6589,-68.5989
Belmont,40.0158,-80.9884
Blue Earth,44.0346,-94.0670
Catoosa,34.9036,-85.1382
Laurens,34.4834,-82.0057
San Patricio,28.0092,-97.5188
Williamson,37.7303,-88.9299
Butler,37.7813,-96.8391
Boone,40.0508,-86.4687
Darlington,34.3325,-79.9577
Otero,32.6132,-105.7414
Rutherford,35.4026,-81.9198
St. Francois,37.8103,-90.4723
Rice,44.3543,-93.2967
Harrison,32.5481,-94.3715
Oldham,38.3994,-85.4483
Marquette,46.4313,-87.6416
Wayne,39.8644,-85.0099
Grant,40.5158,-85.6547
Spalding,33.2609,-84.2841
Athens,39.3339,-82.0452
Jefferson,40.3850,-80.7610
Kershaw,34.3388,-80.5902
Adams,39.9879,-91.1886
McCracken,37.0540,-88.7128
Columbia,41.0486,-76.4052
Armstrong,40.8121,-79.4646
Mason,47.3484,-123.1928
Marion,40.5872,-83.1609
Nacogdoches,31.6160,-94.6159
Chaves,33.3633,-104.4669
Pulaski,37.1039,-84.5772
Crow Wing,46.4824,-94.0709
Hamblen,36.2171,-83.2667
Ionia,42.9451,-85.0746
Lake,39.0996,-122.7532
Warren,43.5610,-73.8460
Tehama,40.1257,-122.2340
Coos,43.1742,-124.0594
Chippewa,45.0694,-91.2799
Sauk,43.4267,-89.9482
Starr,26.5622,-98.7384
Clay,46.8923,-96.4907
Carbon,40.9182,-75.7088
Pope,35.4478,-93.0345
Walker,33.8033,-87.2974
Montcalm,43.3109,-85.1525
Sampson,34.9916,-78.3714
Livingston,42.7281,-77.7755
Crawford,35.5880,-94.2429
Salem,39.5876,-75.3491
Lamar,31.2060,-89.5087
Warrick,38.0922,-87.2721
Reno,37.9529,-98.0860
Acadia,30.2906,-92.4120
Effingham,32.3673,-81.3414
Georgetown,33.4343,-79.3324
Stanly,35.3119,-80.2510
Liberty,31.8282,-81.4949
Pender,34.5248,-77.9051
Haywood,35.5560,-82.9822
Knox,40.3988,-82.4215
Herkimer,43.4197,-74.9625
Tipton,35.4973,-89.7566
Garfield,36.3791,-97.7827
San Benito,36.6057,-121.0750
Hall,40.8726,-98.5022
Washington,43.3137,-73.4308
Belknap,43.5179,-71.4227
Lee,35.4752,-79.1715
Barry,42.5950,-85.3090
Pittsylvania,36.8213,-79.3971
St. Joseph,41.9144,-85.5278
Walla Walla,46.2298,-118.4784
Bradford,41.7887,-76.5154
Laurel,37.1107,-84.1178
Washington,39.4553,-81.4953
Hood,32.4299,-97.8323
Cumberland,35.9504,-84.9984
Columbia,42.2501,-73.6318
Lawrence,38.5984,-82.5368
Granville,36.3040,-78.6527
Vermilion,29.8466,-92.3237
Garfield,39.5993,-107.9040
Otsego,42.6337,-75.0326
Mercer,37.4055,-81.1114
Duplin,34.9365,-77.9330
Lowndes,33.4729,-88.4433
Lincoln,43.2789,-96.7218
Kenai Peninsula,60.2654,-151.5652
Sandusky,41.3562,-83.1464
Pike,37.4691,-82.3958
Rutland,43.5802,-73.0366
Otter Tail,46.4088,-95.7080
Washington,44.2734,-72.6148
Newton,36.9055,-94.3393
Huron,41.1463,-82.5980
Pickaway,39.6419,-83.0244
Maverick,28.7426,-100.3145
Russell,32.2884,-85.1849
Anderson,31.8133,-95.6525
Union,40.2994,-83.3716
Eddy,32.4715,-104.3044
Gordon,34.5032,-84.8759
Blount,33.9809,-86.5674
Oxford,44.4998,-70.7566
Lincoln,39.0580,-90.9600
Genesee,43.0009,-78.1937
Jackson,37.7851,-89.3821
Hardin,30.3324,-94.3902
Columbia,43.4666,-89.3337
Cherokee,35.0481,-81.6206
Jefferson,39.3076,-77.8628
Hawkins,36.4412,-82.9447
Putnam,38.5086,-81.9090
Carter,36.2928,-82.1275
Lenoir,35.2388,-77.6412
Marion,39.5100,-80.2434
Franklin,36.9920,-79.8810
La Plata,37.2866,-107.8433
Coffee,35.4906,-86.0748
Van Zandt,32.5637,-95.8365
Scott,38.2915,-84.5839
Chisago,45.5025,-92.9084
Watauga,36.2311,-81.6964
Lyon,39.0206,-119.1890
Pike,41.3320,-75.0338
Columbus,34.2656,-78.6550
Autauga,32.5349,-86.6427
Whiteside,41.7563,-89.9141
Taney,36.6548,-93.0412
Pearl River,30.7688,-89.5896
Campbell,37.2054,-79.0965
Grady,35.0169,-97.8841
Seneca,41.1239,-83.1277
Carson City,39.1511,-119.7476
Windsor,43.5799,-72.5863
Eagle,39.6278,-106.6953
Colbert,34.7005,-87.8050
Box Elder,41.5210,-113.0821
Hancock,44.6643,-68.3585
Hoke,35.0175,-79.2373
Saline,38.7838,-97.6500
Jefferson,36.0510,-83.4463
Tuolumne,38.0276,-119.9548
Lafayette,34.3568,-89.4850
Washington,36.7244,-81.9598
Rusk,32.1077,-94.7618
Camden,30.9306,-81.6699
Johnson,38.7441,-93.8064
Gila,33.7997,-110.8116
Waller,30.0108,-95.9876
St. Martin,30.1291,-91.6082
Harrisonburg,38.4362,-78.8735
Ashland,40.8460,-82.2707
Jessamine,37.8721,-84.5809
Fulton,43.1138,-74.4222
McMinn,35.4247,-84.6175
Roane,35.8479,-84.5232
Boone,42.3231,-88.8234
Dickson,36.1490,-87.3567
Loudon,35.7348,-84.3119
Iron,37.8592,-113.2895
St. Charles,29.9055,-90.3582
Tuscola,43.4641,-83.4167
Elko,41.1458,-115.3577
Pulaski,37.8246,-92.2077
Cherokee,31.8370,-95.1652
Coffee,31.4026,-85.9882
Kerr,30.0615,-99.3500
Columbia,45.9438,-123.0883
Edgecombe,35.9129,-77.5971
Washington,36.7152,-95.9044
Worcester,38.2128,-75.3340
Culpeper,38.4860,-77.9558
Jackson,34.7795,-85.9993
Cass,41.9154,-85.9935
Grant,42.8675,-90.7062
Darke,40.1333,-84.6194
Venango,41.4010,-79.7580
Wayne,41.6487,-75.3033
Coles,39.5203,-88.2218
Henry,36.6828,-79.8740
Waupaca,44.4705,-88.9648
Medina,29.3557,-99.1101
Warren,41.3344,-93.5614
Grundy,41.2851,-88.4185
Ogle,42.0426,-89.3207
Winona,43.9868,-91.7792
Franklin,38.2392,-84.8771
Halifax,36.2574,-77.6517
Somerset,45.5139,-69.9589
Franklin,44.5929,-74.3038
Atascosa,28.8935,-98.5272
Queen Anne's,39.0673,-76.0208
Polk,30.7927,-94.8300
Wilson,29.1740,-98.0866
Knox,40.9318,-90.2132
St. Mary,29.7206,-91.4485
Calumet,44.0816,-88.2181
Le Flore,34.9003,-94.7034
Lamar,33.6673,-95.5712
Dearborn,39.1452,-84.9732
Buffalo,40.8552,-99.0750
Oktibbeha,33.4249,-88.8793
Whitman,46.9012,-117.5230
Curry,34.5742,-103.3470
Navarro,32.0469,-96.4725
Lincoln,44.6420,-123.8682
Vernon,31.1083,-93.1843
Montgomery,42.9023,-74.4397
Dale,31.4318,-85.6110
Franklin,44.8578,-72.9130
Gibson,35.9966,-88.9326
Henry,41.3531,-90.1314
Val Verde,29.8930,-101.1517
Bedford,35.5138,-86.4589
Cherokee,35.9067,-94.9997
Newaygo,43.5542,-85.8009
Bristol,41.7173,-71.2840
Shelby,40.3315,-84.2047
Douglas,38.9123,-119.6162
Carroll,43.8738,-71.2031
Tioga,42.1703,-76.3063
Crittenden,35.2057,-90.3078
Carter,34.2509,-97.2858
Henry,39.9310,-85.3964
Bedford,40.0065,-78.4903
Shelby,38.2154,-85.1948
Fremont,38.4731,-105.4395
Noble,41.3986,-85.4175
Cortland,42.5950,-76.0703
Burnet,30.7884,-98.1823
Chenango,42.4935,-75.6116
Jackson,30.7954,-85.2155
Laurens,32.4636,-82.9222
Logan,35.9193,-97.4433
Boyd,38.3596,-82.6877
Hancock,30.4160,-89.4885
Greene,42.2765,-74.1227
Bryan,33.9623,-96.2598
Charlottesville,38.0375,-78.4855
Beaufort,35.4940,-76.8598
Lincoln,32.6016,-92.6649
Kittitas,47.1243,-120.6797
Osage,36.6292,-96.3985
Campbell,44.2483,-105.5483
Beltrami,47.9738,-94.9377
Clinton,41.8980,-90.5320
St. Bernard,29.8692,-89.5552
Santa Cruz,31.5260,-110.8466
Monroe,35.4426,-84.2527
Marshall,41.3248,-86.2618
Goodhue,44.4097,-92.7229
Washington,30.8533,-90.0405
Allegany,42.2574,-78.0276
Bingham,43.2166,-112.3981
Mifflin,40.6104,-77.6170
Monroe,43.9457,-90.6178
Perry,40.3984,-77.2623
Warren,32.3572,-90.8520
Nelson,37.8051,-85.4660
Chesterfield,34.6398,-80.1587
Calaveras,38.2046,-120.5541
Camden,38.0270,-92.7660
Gadsden,30.5795,-84.6136
Auglaize,40.5609,-84.2218
Hillsdale,41.8878,-84.5929
Stokes,36.4019,-80.2397
Lawrence,38.8412,-86.4834
Henderson,37.7958,-87.5730
Nye,38.0424,-116.4720
Colquitt,31.1884,-83.7688
Kendall,29.9447,-98.7115
McDowell,35.6817,-82.0493
Logan,40.3885,-83.7658
Macoupin,39.2610,-89.9245
Stevens,48.3991,-117.8552
Habersham,34.6310,-83.5311
Greene,36.1176,-90.5590
Barron,45.4237,-91.8483
Itasca,47.5095,-93.6319
Huntingdon,40.4169,-77.9812
Washington,33.2838,-90.9474
Baldwin,33.0693,-83.2496
Wood,32.7864,-95.3821
Hopkins,37.3088,-87.5408
Dunn,44.9466,-91.8964
Callaway,38.8355,-91.9260
Union,40.9630,-77.0622
Richmond,35.0060,-79.7479
Bonner,48.3000,-116.6011
Stephenson,42.3518,-89.6623
Delaware,42.1981,-74.9665
Vance,36.3649,-78.4079
Phelps,37.8771,-91.7923
Shelby,39.5237,-85.7917
Thomas,30.8637,-83.9193
Suwannee,30.1956,-82.9915
Madison,39.8940,-83.4002
Chilton,32.8479,-86.7188
Jackson,38.9064,-86.0375
Kay,36.8180,-97.1439
Barren,36.9656,-85.9337
Pittsburg,34.9239,-95.7484
Holmes,40.5612,-81.9293
Lawrence,35.2173,-87.3956
Jefferson,41.1282,-78.9994
Polk,45.4614,-92.4413
Siskiyou,41.5927,-122.5404
Miller,33.3124,-93.8921
Brown,38.9338,-83.8673
Douglas,46.4329,-91.9161
Mecosta,43.6408,-85.3246
Shenandoah,38.8583,-78.5709
Jackson,35.2876,-83.1408
Branch,41.9161,-85.0590
Ravalli,46.0817,-114.1207
Stephens,34.4856,-97.8515
Sweetwater,41.6595,-108.8795
DeKalb,41.3976,-84.9991
Sullivan,43.3614,-72.2222
Fayette,38.0288,-81.0812
Highland,39.1847,-83.6010
Coffee,31.5493,-82.8492
St. John the Baptist,30.1264,-90.4709
Kandiyohi,45.1524,-95.0047
Caldwell,29.8368,-97.6199
Delaware,36.4082,-94.8026
Muscatine,41.4839,-91.1127
Cerro Gordo,43.0816,-93.2608
Windham,42.9906,-72.7137
Chambers,29.7384,-94.6101
Butler,36.7164,-90.4066
Davie,35.9291,-80.5445
Dubois,38.3643,-86.8798
Douglas,47.7361,-119.6918
Pettis,38.7283,-93.2851
Pierce,44.7194,-92.4224
Montrose,38.4022,-108.2694
Polk,34.0018,-85.1881
Erath,32.2363,-98.2180
Fulton,41.6018,-84.1301
Okanogan,48.5488,-119.7408
Clinton,39.4149,-83.8084
Franklin,35.1550,-86.0922
Ohio,40.0969,-80.6189
Sequoyah,35.4953,-94.7552
Summit,40.8682,-110.9557
Baxter,36.2872,-92.3369
Wharton,29.2779,-96.2221
Okeechobee,27.3864,-80.8886
Crawford,40.8508,-82.9198
Hendry,26.5535,-81.1659
Mississippi,35.7624,-90.0521
Upshur,32.7363,-94.9415
Tazewell,37.1250,-81.5606
Sanilac,43.4236,-82.8203
Mayes,36.3019,-95.2307
Manassas,38.7479,-77.4838
Mercer,40.5399,-84.6294
McKean,41.8076,-78.5690
Preble,39.7415,-84.6480
Levy,29.3184,-82.7436
Warren,35.6787,-85.7785
Shawano,44.7891,-88.7654
Jim Wells,27.7314,-98.0899
Tioga,41.7722,-77.2543
Gratiot,43.2927,-84.6049
Danville,36.5831,-79.4088
Orleans,43.2521,-78.2312
Fayette,35.1971,-89.4144
Susquehanna,41.8214,-75.8007
Tift,31.4574,-83.5266
Ottawa,41.5379,-83.1434
Cheatham,36.2612,-87.0868
Benton,45.6991,-93.9988
Nez Perce,46.3268,-116.7503
Avoyelles,31.0763,-92.0014
Snyder,40.7698,-77.0702
Tallapoosa,32.8624,-85.7975
Cooke,33.6393,-97.2126
Marinette,45.3833,-88.0337
Harrison,38.1951,-86.1114
Howell,36.7740,-91.8865
Latah,46.8162,-116.7117
Wyoming,42.7024,-78.2244
Isanti,45.5615,-93.2951
Wayne,38.1460,-82.4270
Mower,43.6715,-92.7525
McClain,35.0093,-97.4443
Warren,38.9087,-78.2085
Campbell,36.4035,-84.1494
Knox,44.1410,-69.1686
Marshall,42.0358,-92.9988
Murray,34.7884,-84.7481
Pasquotank,36.2955,-76.2840
Madison,43.7841,-111.6592
Waldo,44.5028,-69.1454
Fremont,43.0405,-108.6304
Clatsop,45.9949,-123.6557
Person,36.3900,-78.9718
LaGrange,41.6426,-85.4265
Warren,41.8145,-79.2741
Pike,31.1749,-90.4042
Des Moines,40.9232,-91.1815
Oconee,33.8349,-83.4371
Webster,37.2809,-92.8759
Union,33.1713,-92.5972
Amador,38.4464,-120.6511
Guernsey,40.0520,-81.4942
Calloway,36.6210,-88.2722
Brown,45.5898,-98.3516
Rio Arriba,36.5096,-106.6931
Crawford,37.5073,-94.8518
Champaign,40.1377,-83.7695
Webster,32.7135,-93.3350
Franklin,37.9923,-88.9242
Albany,41.6544,-105.7239
Clarion,41.1924,-79.4210
Okmulgee,35.6466,-95.9643
Clinton,41.2340,-77.6381
Scott,37.0530,-89.5686
Natchitoches,31.7234,-93.0962
Woodford,40.7882,-89.2111
Pontotoc,34.7281,-96.6844
Newberry,34.2898,-81.6001
Bryan,32.0145,-81.4436
Graham,32.9325,-109.8874
Montgomery,40.0404,-86.8933
Prince George,37.1865,-77.2242
Lawrence,37.1064,-93.8329
Dallas,32.3260,-87.1065
Wise,36.9752,-82.6212
Defiance,41.3239,-84.4905
Oconto,45.0263,-88.2697
Douglas,45.9338,-95.4535
Brown,31.7743,-98.9998
Jefferson,38.3005,-88.9240
Cass,40.7615,-86.3460
Colleton,32.8636,-80.6669
Yadkin,36.1605,-80.6652
Independence,35.7416,-91.5697
Clinton,38.6065,-89.4225
Boone,36.3086,-93.0915
Marion,38.6496,-88.9190
Putnam,39.6663,-86.8450
Chippewa,46.3053,-84.5780
Beauregard,30.6486,-93.3432
DeSoto,27.1863,-81.8095
Gloucester,37.4160,-76.5434
Essex,44.1172,-73.7726
Alexander,35.9210,-81.1770
Dyer,36.0592,-89.4137
Graves,36.7231,-88.6512
Isle of Wight,36.8912,-76.7259
Covington,31.2485,-86.4513
Talbot,38.7709,-76.0968
Alcorn,34.8808,-88.5803
Jasper,41.6860,-93.0537
Addison,44.0308,-73.1409
Knox,38.6891,-87.4180
Matagorda,28.8212,-96.0110
Green,42.6800,-89.6022
Escambia,31.1262,-87.1615
Williams,41.5603,-84.5882
Steele,44.0223,-93.2260
Hopkins,33.1496,-95.5640
Dare,35.7805,-75.7982
Louisa,37.9786,-77.9630
Dodge,41.5779,-96.6540
Coshocton,40.3017,-81.9200
Orange,38.2462,-78.0137
Greene,39.8538,-80.2229
Finney,38.0443,-100.7370
Huntington,40.8292,-85.4881
Webster,42.4279,-94.1818
Whitley,36.7581,-84.1452
Howard,32.3062,-101.4355
Clark,37.9708,-84.1474
Hill,31.9907,-97.1324
Perry,39.7371,-82.2361
Williams,48.3437,-103.4802
Floyd,37.5571,-82.7457
Houghton,46.8978,-88.6875
Scotts Bluff,41.8505,-103.7080
Delta,45.9192,-86.9241
Cocke,35.9254,-83.1212
McLeod,44.8236,-94.2724
Livingston,40.8916,-88.5577
Ware,31.0537,-82.4237
Uintah,40.1248,-109.5186
Sagadahoc,43.9598,-69.8546
Carlton,46.5924,-92.6770
Miami,40.7695,-86.0450
Laclede,37.6583,-92.5903
Bennington,43.0354,-73.0930
Barry,36.7099,-93.8291
Jasper,30.7440,-94.0251
Monroe,33.8923,-88.4805
Adams,40.7456,-84.9366
Marshall,34.7623,-89.5031
Oneida,45.7056,-89.5218
Greenup,38.5457,-82.9223
Washington,30.2145,-96.4034
Macon,35.1505,-83.4222
Morrow,40.5241,-82.7941
Brookings,44.3697,-96.7904
Wapello,41.0306,-92.4095
Cowley,37.2377,-96.8375
Warren,38.7646,-91.1607
Fannin,33.5938,-96.1068
Lincoln,41.0478,-100.7452
Madison,41.9167,-97.6008
Lincoln,35.7030,-96.8809
Scotland,34.8409,-79.4804
Sioux,43.0826,-96.1779
Silver Bow,45.9024,-112.6567
Greenbrier,37.9470,-80.4530
Harris,32.7360,-84.9089
Clark,44.7347,-90.6121
Fulton,40.4728,-90.2075
Steuben,41.6439,-85.0008
Monroe,38.2785,-90.1773
Harvey,38.0432,-97.4272
Lincoln,44.0664,-69.5435
Halifax,36.7669,-78.9366
Seneca,42.7810,-76.8238
Becker,46.9346,-95.6740
Lee,41.7461,-89.3003
Lincoln,31.5324,-90.4540
Nicollet,44.3499,-94.2474
Lincoln,35.1405,-86.5890
Effingham,39.0598,-88.5899
Pulaski,37.0636,-80.7144
Panola,34.3639,-89.9506
Transylvania,35.2021,-82.7982
Morgan,39.7156,-90.2015
Lee,40.6420,-91.4793
Whitley,41.1394,-85.5051
Clarendon,33.6658,-80.2164
Putnam,41.0221,-84.1317
Miami,38.5635,-94.8381
Ford,37.6917,-99.8880
Gibson,38.3119,-87.5846
Marshall,35.4689,-86.7650
Hot Spring,34.3177,-92.9461
Preston,39.4693,-79.6682
Evangeline,30.7289,-92.4059
Hale,34.0705,-101.8269
Botetourt,37.5571,-79.8123
Jasper,41.0230,-87.1161
Wexford,44.3384,-85.5784
Chambers,32.9143,-85.3920
Weakley,36.2983,-88.7178
Geary,39.0024,-96.7525
Daviess,38.7024,-87.0721
Pike,31.8027,-85.9409
Caroline,38.8717,-75.8316
Platte,41.5713,-97.5211
Lyon,38.4562,-96.1526
Bladen,34.6146,-78.5637
Marion,41.3344,-93.0994
Emmet,45.5201,-84.8904
Morrison,46.0126,-94.2684
Wasatch,40.3308,-111.1682
Lumpkin,34.5722,-84.0027
Lawrence,34.5216,-87.3110
Rhea,35.6087,-84.9244
McCurtain,34.1154,-94.7713
Bureau,41.4041,-89.5286
Wakulla,30.1673,-84.4007
Taos,36.5783,-105.6310
Titus,33.2166,-94.9657
Christian,39.5458,-89.2772
Lafayette,39.0655,-93.7854
Iberville,30.2586,-91.3495
Bee,28.4174,-97.7412
Logan,37.8315,-81.9353
Accomack,37.7643,-75.6332
Jackson,39.0197,-82.6184
Chester,34.6921,-81.1595
Henry,36.3318,-88.3013
Clinton,40.3017,-86.4752
Greene,39.0363,-86.9620
Jefferson,38.7858,-85.4386
Montgomery,37.1925,-95.7429
Juneau,58.4546,-134.1739
Polk,37.6165,-93.4005
Pickens,34.4643,-84.4656
Pontotoc,34.2254,-89.0374
Dorchester,38.4829,-76.0125
Randolph,38.0521,-89.8252
Stone,36.7469,-93.4560
Claiborne,36.4859,-83.6604
Jefferson,47.7487,-123.5960
Amherst,37.6048,-79.1451
Franklin,34.4417,-87.8438
Adams,40.5245,-98.5012
Coos,44.6896,-71.3056
Jefferson Davis,30.2677,-92.8141
Hardin,40.6615,-83.6595
Polk,47.7739,-96.4018
Washington,45.0307,-67.6287
Knox,36.8907,-83.8540
Ottawa,36.8355,-94.8104
Bolivar,33.7971,-90.8806
Marshall,36.8834,-88.3294
Wabash,40.8457,-85.7940
Schoharie,42.5882,-74.4421
Stark,46.8107,-102.6551
Morton,46.7161,-101.2811
Huron,43.8333,-83.0190
Adams,31.4829,-91.3535
Gilmer,34.6912,-84.4556
Marion,34.0801,-79.3625
Marshall,39.8606,-80.6634
Muhlenberg,37.2158,-87.1420
Williamsburg,33.6199,-79.7277
Petersburg,37.2043,-77.3913
Vernon,43.5939,-90.8344
Delta,38.8614,-107.8629
Summit,39.6342,-106.1164
Mecklenburg,36.6804,-78.3627
Kleberg,27.4337,-97.7273
Clare,43.9879,-84.8478
Malheur,43.1934,-117.6231
Lassen,40.6736,-120.5943
Caroline,38.0267,-77.3471
Smyth,36.8437,-81.5370
Dillon,34.3915,-79.3789
Freeborn,43.6738,-93.3488
Sanpete,39.3739,-111.5763
Sheridan,44.7900,-106.8793
Lake,47.6459,-114.0894
Obion,36.3582,-89.1488
McDonough,40.4562,-90.6779
Boyle,37.6244,-84.8668
Elk,41.4251,-78.6491
Caledonia,44.4647,-72.1021
Cass,33.0775,-94.3436
Gallia,38.8247,-82.3169
White,34.6464,-83.7471
Wayne,31.5515,-81.9168
Franklin,44.9741,-70.4441
Carroll,36.7316,-80.7339
Austin,29.8870,-96.2779
Marion,34.1366,-87.8871
Lee,31.7795,-84.1411
Sumter,32.0399,-84.1970
Dunklin,36.2721,-90.0909
Madison,34.1278,-83.2090
Haralson,33.7942,-85.2110
Jasper,32.4374,-81.0317
Trempealeau,44.3040,-91.3585
Cass,46.9496,-94.3254
Giles,35.2022,-87.0348
Park,44.5205,-109.5879
Stoddard,36.8556,-89.9443
Pine,46.1208,-92.7413
Powhatan,37.5502,-77.9152
Neshoba,32.7535,-89.1176
Jefferson,43.8201,-112.3113
Caddo,35.1744,-98.3752
Garrett,39.5289,-79.2729
Hancock,40.5219,-80.5739
Mason,43.9952,-86.2500
Fredericksburg,38.2992,-77.4872
Custer,35.6388,-99.0015
Orange,44.0056,-72.3769
Logan,40.1245,-89.3675
Jackson,38.8345,-81.6748
Palo Pinto,32.7532,-98.3130
Leflore,33.5505,-90.3011
Randolph,38.7747,-79.8758
Ellis,38.9147,-99.3173
Wythe,36.9171,-81.0787
Dinwiddie,37.0759,-77.6323
Baker,30.3311,-82.2846
Marion,35.1293,-85.6220
Jones,33.0251,-83.5605
Morgan,40.2628,-103.8098
Fayette,39.5599,-83.4561
Montgomery,39.2310,-89.4789
Union,34.4905,-89.0039
San Jacinto,30.5795,-95.1669
Marion,39.8059,-91.6224
McPherson,38.3917,-97.6480
Yazoo,32.7803,-90.3964
Ripley,39.1035,-85.2624
Grimes,30.5435,-95.9855
Alpena,45.0348,-83.6277
Le Sueur,44.3714,-93.7301
Tate,34.6503,-89.9448
Cherokee,35.1339,-84.0635
Meade,37.9698,-86.2171
Copiah,31.8692,-90.4488
Hocking,39.4970,-82.4792
Scott,32.4064,-89.5376
Van Wert,40.8554,-84.5861
Meade,44.5668,-102.7169
Codington,44.9779,-97.1886
Carroll,36.3410,-93.5382
Glenn,39.5983,-122.3921
Montgomery,38.0335,-83.9131
Wells,40.7292,-85.2212
Henderson,35.6543,-88.3880
Washington,38.6000,-86.1053
Pike,39.0773,-83.0668
Winchester,39.1735,-78.1746
Carroll,35.9732,-88.4502
Garvin,34.7046,-97.3093
Bradford,29.9500,-82.1688
Del Norte,41.7431,-123.8972
Lincoln,45.3375,-89.7346
Adams,38.8455,-83.4721
Jennings,38.9969,-85.6281
Door,44.9473,-87.3135
San Miguel,35.4806,-104.8160
Peach,32.5688,-83.8269
Monroe,33.0139,-83.9186
Iroquois,40.7472,-87.8243
De Soto,32.0554,-93.7372
Grant,32.7389,-108.3824
Union,34.6895,-81.6191
Montgomery,35.3325,-79.9055
Currituck,36.4031,-76.0059
Carroll,40.5796,-81.0897
White,35.9264,-85.4552
Wyoming,41.5183,-76.0166
Henry,41.3339,-84.0682
Logan,36.8597,-86.8789
Mineral,39.4147,-78.9438
Elmore,43.3539,-115.4693
Hardee,27.4927,-81.8100
Edgefield,33.7722,-81.9664
Ashe,36.4341,-81.5003
Carter,38.3182,-83.0495
Toombs,32.1217,-82.3313
Russell,36.9339,-82.0954
Uvalde,29.3573,-99.7622
Fluvanna,37.8419,-78.2772
Orleans,44.8290,-72.2434
Simpson,31.9132,-89.9195
Tillamook,45.4637,-123.7127
Cibola,34.9125,-107.9997
Mason,38.7697,-82.0266
King George,38.2733,-77.1572
Gillespie,30.3181,-98.9465
Juneau,43.9246,-90.1138
Decatur,30.8783,-84.5790
Decatur,39.3070,-85.5011
Oceana,43.6409,-86.2676
Union,45.3102,-118.0088
Woodford,38.0424,-84.7436
Johnson,35.5697,-93.4601
Lewis,43.7847,-75.4488
Bell,36.7306,-83.6741
West Baton Rouge,30.4636,-91.3127
Geneva,31.0950,-85.8391
Boone,42.0365,-93.9316
Marlboro,34.6020,-79.6786
Upson,32.8813,-84.2994
Grayson,37.4608,-86.3439
Harlan,36.8569,-83.2180
Wasco,45.1600,-121.1678
Perry,37.2443,-83.2215
Montezuma,37.3386,-108.5966
Clay,39.3928,-87.1158
Elbert,39.2865,-104.1359
Barton,38.4790,-98.7565
Charlevoix,45.3014,-85.1259
Cherokee,34.1759,-85.6038
Cass,40.9097,-96.1409
Hart,34.3509,-82.9642
Mille Lacs,45.9380,-93.6301
Stephens,34.5541,-83.2932
McNairy,35.1755,-88.5636
Lawrence,44.3586,-103.7923
Fannin,34.8641,-84.3198
Sunflower,33.6023,-90.5886
Somerset,38.1158,-75.7518
Lyon,44.4135,-95.8390
Lauderdale,35.7605,-89.6305
Hardin,35.1987,-88.1845
Franklin,38.5645,-95.2860
Taylor,37.3664,-85.3278
Allen,30.6530,-92.8280
Benton,42.0802,-92.0657
Texas,37.3173,-91.9650
Posey,38.0218,-87.8684
St. Francis,35.0220,-90.7478
Adair,40.1906,-92.6007
Cheboygan,45.4463,-84.4999
Tattnall,32.0458,-82.0582
Lamoille,44.6070,-72.6418
Dickinson,46.0092,-87.8703
Miller,38.2145,-92.4284
Audrain,39.2157,-91.8416
Routt,40.4851,-106.9912
Gladwin,43.9907,-84.3883
Salem,37.2864,-80.0555
Dawson,34.4443,-84.1706
Shelby,31.7924,-94.1450
Hardeman,35.2068,-88.9931
Fayette,29.8768,-96.9198
Iosco,44.3559,-83.6359
Morehouse,32.8202,-91.8018
Prentiss,34.6183,-88.5201
Plymouth,42.7378,-96.2141
Grant,38.6488,-84.6246
Washington,30.6106,-85.6653
Brown,44.2421,-94.7276
Cleburne,35.5382,-92.0267
Bremer,42.7746,-92.3180
Barbour,31.8696,-85.3932
Hickman,35.8033,-87.4733
Teller,38.8824,-105.1618
Yates,42.6335,-77.1055
Nicholas,38.2917,-80.7994
Chattooga,34.4750,-85.3453
Washington,37.9617,-90.8774
Jackson,34.5880,-99.4148
Milam,30.7863,-96.9768
Marion,31.2308,-89.8224
Randolph,39.4402,-92.4971
Randolph,40.1576,-85.0114
Grady,30.8747,-84.2344
Staunton,38.1593,-79.0611
Juniata,40.5311,-77.4022
Seminole,35.1675,-96.6155
Otsego,45.0214,-84.5990
Churchill,39.5808,-118.3358
Todd,46.0706,-94.8976
Abbeville,34.2226,-82.4593
Manistee,44.3330,-86.0568
Rowan,38.1963,-83.4211
Lincoln,37.4554,-84.6608
Butts,33.2879,-83.9572
Upshur,38.8978,-80.2334
Anson,34.9738,-80.1027
Waushara,44.1131,-89.2429
Aransas,28.1249,-96.9934
Macon,36.5320,-86.0073
Pottawatomie,39.3790,-96.3424
White,40.7498,-86.8655
George,30.8626,-88.6440
Ohio,37.4782,-86.8489
Jerome,42.6899,-114.2640
Jefferson,44.6294,-121.1761
Luna,32.1822,-107.7498
Union,34.8341,-83.9907
Crawford,37.9764,-91.3039
Sabine,31.5640,-93.5547
Clarke,31.6767,-87.8308
Roscommon,44.3356,-84.6116
Page,38.6194,-78.4844
Cassia,42.2839,-113.6001
Mingo,37.7265,-82.1347
Scott,38.6851,-85.7475
Hertford,36.3591,-76.9820
Poinsett,35.5740,-90.6630
Saline,37.7531,-88.5407
Crook,44.1422,-120.3566
Lee,36.7054,-83.1286
Winston,34.1492,-87.3737
Payette,44.0067,-116.7608
Dawson,40.8699,-99.8196
Iowa,43.0005,-90.1354
Columbia,33.2143,-93.2273
Ouachita,33.5934,-92.8819
Goochland,37.7220,-77.9156
Itawamba,34.2800,-88.3613
Limestone,31.5455,-96.5805
Teton,43.9347,-110.5898
Osceola,43.9898,-85.3252
Fairfax,38.8531,-77.2997
Plaquemines,29.4406,-89.6100
Hampshire,39.3171,-78.6141
Antrim,44.9991,-85.1403
Hood River,45.5190,-121.6511
Grainger,36.2763,-83.5096
Panola,32.1624,-94.3056
Meeker,45.1231,-94.5273
Fayette,39.6401,-85.1787
Franklin,34.3754,-83.2291
Starke,41.2809,-86.6476
Hockley,33.6077,-102.3432
Meigs,39.0822,-82.0229
Houston,31.3177,-95.4227
Saline,39.1368,-93.2018
Sumner,37.2373,-97.4765
Menominee,45.5801,-87.5566
Ray,39.3523,-93.9899
Prince Edward,37.2243,-78.4411
Curry,42.4576,-124.1568
McDonald,36.6287,-94.3483
Leake,32.7535,-89.5240
Bandera,29.7472,-99.2463
Franklin,39.4149,-85.0602
Yankton,43.0090,-97.3948
Randolph,33.2938,-85.4591
Blaine,43.4120,-113.9802
Rockbridge,37.8145,-79.4473
Coahoma,34.2300,-90.6017
Martin,35.8432,-77.1093
Asotin,46.1918,-117.2030
Caswell,36.3932,-79.3335
Anderson,38.0039,-84.9910
Burke,33.0611,-82.0007
Emanuel,32.5897,-82.3017
Crisp,31.9229,-83.7681
Hopewell,37.2915,-77.2985
Johnson,37.8466,-82.8315
Fairfield,34.3951,-81.1212
Bibb,32.9986,-87.1265
Mahaska,41.3352,-92.6409
Clark,34.0509,-93.1764
Grant,31.5997,-92.5594
New Kent,37.5052,-76.9973
Waynesboro,38.0674,-78.9014
Logan,40.7247,-103.1101
Union,32.8318,-92.3748
Assumption,29.9024,-91.0608
Nodaway,40.3608,-94.8834
Adair,35.8839,-94.6587
Overton,36.3450,-85.2881
Brooke,40.2739,-80.5765
Pacific,46.5557,-123.7041
Washington,41.3356,-91.7179
Mitchell,31.2253,-84.1943
Gray,35.4012,-100.8126
Klickitat,45.8738,-120.7891
Scott,36.4285,-84.5035
Tippah,34.7684,-88.9089
Letcher,37.1212,-82.8553
Vilas,46.0529,-89.5148
Wyandot,40.8424,-83.3044
Putnam,33.3218,-83.3728
Seward,37.1933,-100.8513
Boone,38.0230,-81.7112
Pointe Coupee,30.7095,-91.6008
Beckham,35.2687,-99.6820
Henry,38.3852,-93.7927
Jersey,39.0855,-90.3565
Scott,36.7143,-82.6029
Taylor,30.0470,-83.6035
Hempstead,33.7354,-93.6684
Mercer,37.8110,-84.8744
Nobles,43.6742,-95.7534
Leelanau,44.9385,-85.8120
Shelby,39.3912,-88.8055
Logan,35.2149,-93.7166
Madison,35.8580,-82.7058
Wabasha,44.2843,-92.2303
Gage,40.2619,-96.6894
Morgan,36.1350,-84.6492
Tyler,30.7712,-94.3766
Colusa,39.1775,-122.2370
Sevier,38.7478,-111.8045
Calhoun,28.5067,-96.6020
Llano,30.7057,-98.6841
Jo Daviess,42.3658,-90.2126
Yell,35.0025,-93.4111
Willacy,26.4693,-97.6622
Fayette,39.0002,-89.0241
McDuffie,33.4828,-82.4814
Buchanan,37.2666,-82.0360
Colorado,29.6208,-96.5263
Saunders,41.2264,-96.6374
Hubbard,47.1086,-94.9167
Newton,32.4002,-89.1188
Barnwell,33.2661,-81.4350
Moore,35.8377,-101.8929
Lampasas,31.1962,-98.2414
St. James,30.0270,-90.7931
Buchanan,42.4708,-91.8379
Hutchinson,35.8400,-101.3547
Perry,38.0837,-89.3670
Meriwether,33.0406,-84.6883
Gaines,32.7407,-102.6352
Allen,36.7512,-86.1904
La Paz,33.7294,-113.9815
Fillmore,43.6740,-92.0902
Monroe,31.5708,-87.3654
Greene,35.4850,-77.6758
Grenada,33.7700,-89.8021
Conway,35.2624,-92.7015
Ogemaw,44.3349,-84.1264
Wyoming,37.6096,-81.5492
Stutsman,46.9793,-98.9588
Owen,39.3128,-86.8377
Gonzales,29.4567,-97.4925
Minidoka,42.8543,-113.6375
Dodge,44.0226,-92.8620
Dodge,32.1722,-83.1684
Jay,40.4379,-85.0057
Polk,35.2793,-82.1697
Sullivan,39.0888,-87.4147
Texas,36.7479,-101.4901
Lincoln,38.1754,-82.0704
Jones,42.1212,-91.1315
Vernon,37.8506,-94.3424
Jackson,44.3192,-90.8052
Washington,41.5311,-96.2220
Clinton,39.6018,-94.4046
Wayne,36.8013,-84.8286
Morgan,38.4237,-92.8860
Carbon,39.6481,-110.5888
Kewaunee,44.5161,-87.6153
Uinta,41.2876,-110.5476
Spencer,38.0140,-87.0077
Woodward,36.4227,-99.2651
Worth,31.5515,-83.8509
Wayne,31.6408,-88.6958
Taylor,45.2116,-90.5012
Washington,32.9695,-82.7959
Saluda,34.0061,-81.7268
Breckinridge,37.7732,-86.4293
Richland,32.4178,-91.7635
DeWitt,29.0821,-97.3568
Adams,43.9695,-89.7704
Carroll,42.0362,-94.8605
Carroll,40.5828,-86.5635
Dakota,42.3911,-96.5646
Clay,37.1597,-83.7147
Franklin,32.1333,-91.6738
DeKalb,35.9799,-85.8328
Winneshiek,43.2907,-91.8437
Lavaca,29.3843,-96.9302
Fulton,41.0470,-86.2636
Pickens,33.2809,-88.0887
Cherokee,37.1693,-94.8463
Frio,28.8678,-99.1082
Ashley,33.1912,-91.7685
Polk,34.4858,-94.2282
Bourbon,38.2067,-84.2171
Chaffee,38.7470,-106.1941
Duchesne,40.2982,-110.4252
Buena Vista,42.7355,-95.1511
Labette,37.1913,-95.2976
Smith,36.2505,-85.9567
Davison,43.6747,-98.1460
Henry,40.9880,-91.5445
Jones,32.7399,-99.8787
Lincoln,48.5425,-115.4051
Warren,36.3965,-78.1067
Freestone,31.7049,-96.1491
Martin,43.6744,-94.5511
Greene,38.2976,-78.4669
Butler,31.7524,-86.6803
Adams,46.9833,-118.5606
Union,36.2879,-83.8375
McIntosh,35.3736,-95.6668
Northampton,36.4178,-77.3969
Montague,33.6757,-97.7246
Lincoln,33.7453,-105.4593
Lincoln,42.2639,-110.6560
Fayette,42.8626,-91.8443
Orange,38.5418,-86.4951
Douglas,39.7695,-88.2173
Concordia,31.4459,-91.6401
Holmes,30.8679,-85.8141
Clay,33.6557,-88.7816
Kent,39.2545,-76.0399
Tishomingo,34.7404,-88.2393
Adair,37.1041,-85.2807
Jackson,42.1717,-90.5742
Pierce,31.3588,-82.2128
Benton,38.2948,-93.2879
Marion,37.5525,-85.2696
Long,31.7526,-81.7457
East Feliciana,30.8451,-91.0455
Perry,37.7072,-89.8244
Hampton,32.7763,-81.1407
Berrien,31.2760,-83.2296
Langlade,45.2623,-89.0719
Elbert,34.1168,-82.8401
Marengo,32.2476,-87.7896
Perry,38.0796,-86.6380
Bertie,36.0662,-76.9787
Los Alamos,35.8693,-106.3073
Jefferson,39.2358,-95.3834
Spencer,38.0325,-85.3279
Brantley,31.1969,-81.9819
Banks,34.3543,-83.4972
Plumas,40.0047,-120.8386
Lamar,33.0765,-84.1394
Hart,37.2999,-85.8847
Crawford,39.0027,-87.7595
Morgan,33.5908,-83.4924
Covington,31.6332,-89.5526
Green Lake,43.8004,-89.0448
Harrison,38.4418,-84.3314
Paulding,41.1166,-84.5802
Roosevelt,34.0212,-103.4801
Houston,43.6714,-91.4929
Waseca,44.0221,-93.5873
Deaf Smith,34.9660,-102.6049
Dickinson,38.8665,-97.1527
Pike,33.0923,-84.3892
Madison,30.4441,-83.4701
Humphreys,36.0409,-87.7757
Cedar,41.7723,-91.1324
Macon,32.3859,-85.6927
Appling,31.7493,-82.2890
Bosque,31.9004,-97.6343
Fentress,36.3805,-84.9325
Poweshiek,41.6864,-92.5315
Park,39.1194,-105.7172
Beadle,44.4145,-98.2781
Simpson,36.7419,-86.5823
Attala,33.0863,-89.5815
Eastland,32.3271,-98.8323
Otero,37.9026,-103.7164
Stone,30.7900,-89.1177
Drew,33.5894,-91.7200
Bethel,60.9131,-159.8186
Wright,37.2702,-92.4687
Gilchrist,29.7258,-82.8004
Burleson,30.4925,-96.6215
Grant,34.2900,-92.4236
Andrews,32.3050,-102.6378
Montour,41.0279,-76.6586
Pike,39.3438,-91.1714
Jefferson,41.0318,-91.9489
Phillips,34.4275,-90.8489
Winston,33.0885,-89.0344
McDowell,37.3785,-81.6536
Pitkin,39.2171,-106.9166
Young,33.1767,-98.6878
Randolph,36.3415,-91.0276
Inyo,36.5111,-117.4107
Ste. Genevieve,37.8944,-90.1944
Westmoreland,38.1120,-76.8042
Yancey,35.8989,-82.3076
Russell,36.9910,-85.0587
Schuyler,42.3938,-76.8752
Radford,37.1229,-80.5587
Southampton,36.7204,-77.1061
Unicoi,36.1107,-82.4323
Hancock,40.4038,-91.1647
Greene,33.5788,-83.1667
Morgan,39.5604,-78.2578
Franklin,35.5123,-93.8906
Gem,44.0616,-116.3975
Arkansas,34.2892,-91.3742
Johnson,36.4549,-81.8518
Kalkaska,44.6847,-85.0902
Benzie,44.6387,-86.0155
Patrick,36.6783,-80.2844
Hughes,44.3890,-99.9960
Garrard,37.6396,-84.5377
Andrew,39.9835,-94.8021
Manassas Park,38.7709,-77.4429
Clayton,42.8448,-91.3414
Cooper,38.8436,-92.8101
Avery,36.0766,-81.9226
Dukes,41.3961,-70.6501
Holmes,33.1235,-90.0920
Richland,43.3756,-90.4295
Haywood,35.5832,-89.2838
McCreary,36.7371,-84.4842
Leon,31.2965,-95.9957
Mariposa,37.5815,-119.9055
Colonial Heights,37.2650,-77.3969
Falls,31.2533,-96.9359
New Madrid,36.5946,-89.6517
Edgar,39.6785,-87.7456
Dickinson,43.3780,-95.1508
Chester,35.4217,-88.6135
Cook,31.1540,-83.4305
Seward,40.8724,-97.1395
Sharp,36.1612,-91.4798
Lee,30.3107,-96.9657
Lee,34.1633,-80.2545
Henry,31.5147,-85.2414
Mason,38.5952,-83.8242
Gunnison,38.6668,-107.0317
Delaware,42.4712,-91.3673
Robertson,31.0270,-96.5129
Buckingham,37.5722,-78.5287
Chickasaw,33.9208,-88.9479
Bristol,36.6181,-82.1604
Crawford,42.0372,-95.3820
King William,37.7066,-77.0885
Warren,40.8488,-90.6150
Tama,42.0798,-92.5325
San Juan,48.5782,-122.9650
Sevier,33.9972,-94.2412
Hardin,42.3839,-93.2404
Scurry,32.7463,-100.9164
Parke,39.7736,-87.2064
Jackson,35.5992,-91.2145
Ben Hill,31.7598,-83.2205
Piscataquis,45.8373,-69.2846
Rabun,34.8818,-83.4020
Dallas,37.6804,-93.0237
Humboldt,41.4068,-118.1120
Union,37.4713,-89.2551
Taylor,39.3360,-80.0462
Polk,35.1199,-84.5233
Rockcastle,37.3651,-84.3160
Giles,37.3142,-80.7029
Dixie,29.6082,-83.1588
Socorro,34.0072,-106.9304
Marshall,34.0245,-96.7691
Potter,41.7449,-77.8958
Lafayette,42.6605,-90.1317
Wayne,35.2399,-87.7880
Rush,39.6200,-85.4658
Marion,36.2684,-92.6842
Van Buren,35.5806,-92.5157
Cross,35.2957,-90.7711
Barbour,39.1329,-80.0030
Bond,38.8868,-89.4356
Park,45.4884,-110.5267
Lawrence,36.0412,-91.1070
Idaho,45.8441,-115.4675
Sawyer,45.8800,-91.1446
Fountain,40.1209,-87.2420
Jasper,32.0191,-89.1189
Hill,48.6282,-110.1112
Piatt,40.0103,-88.5911
Fayette,33.7212,-87.7389
Pawnee,36.3169,-96.6992
Madison,36.0110,-93.7246
Washington,31.4076,-88.2079
Brunswick,36.7648,-77.8590
Pemiscot,36.2114,-89.7854
Wayne,38.4295,-88.4256
Bates,38.2573,-94.3400
Richland,46.2646,-96.9483
Atchison,39.5318,-95.3135
Kanabec,45.9452,-93.2934
Dade,34.8546,-85.5045
Crawford,43.2395,-90.9310
Iowa,41.6863,-92.0655
Alamosa,37.5729,-105.7883
Madison,41.3307,-94.0156
Clay,43.0826,-95.1509
Benton,36.0698,-88.0683
Baker,44.7092,-117.6753
Lewis,38.9959,-80.5022
Neosho,37.5585,-95.3068
Henry,38.4485,-85.1189
Casey,37.3223,-84.9284
Otoe,40.6485,-96.1348
Smith,32.0177,-89.5067
Moniteau,38.6328,-92.5831
Telfair,31.9298,-82.9390
Osage,38.6523,-95.7269
Claiborne,32.8227,-92.9958
Lawrence,38.7200,-87.7268
Aitkin,46.6083,-93.4154
Jackson,32.3020,-92.5579
Appomattox,37.3724,-78.8126
Kingfisher,35.9454,-97.9421
Floyd,36.9316,-80.3626
De Witt,40.1746,-88.9041
Washburn,45.8992,-91.7913
Pecos,30.7810,-102.7236
Floyd,43.0599,-92.7890
Richland,38.7124,-88.0851
Union,42.8326,-96.6560
Grayson,36.6565,-81.2249
Clarke,32.0414,-88.6894
Lawrence,38.0679,-82.7348
Clark,39.3336,-87.7877
Pike,39.6225,-90.8863
Brooks,30.8420,-83.5802
Karnes,28.9057,-97.8594
Reeves,31.3231,-103.6931
Grand,40.1026,-106.1183
Ashland,46.3148,-90.6781
Dent,37.6066,-91.5079
Mercer,41.2053,-90.7414
Jefferson,33.0549,-82.4182
Vermillion,39.8538,-87.4640
Torrance,34.6405,-105.8508
West Feliciana,30.8798,-91.4200
Marquette,43.8196,-89.3987
Burnett,45.8627,-92.3676
Nottoway,37.1431,-78.0512
San Juan,37.6260,-109.8045
Wetzel,39.6053,-80.6391
Union,30.0438,-82.3714
Gooding,42.9710,-114.8116
Roseau,48.7751,-95.8108
Page,40.7391,-95.1502
Redwood,44.4037,-95.2538
Macon,39.8308,-92.5646
Tipton,40.3114,-86.0519
Harrison,40.2938,-81.0911
Brown,39.1962,-86.2274
Bayfield,46.5237,-91.2009
Missaukee,44.3374,-85.0947
Gulf,29.9556,-85.2266
Carbon,41.6946,-106.9307
Jeff Davis,31.8056,-82.6369
Knott,37.3540,-82.9541
Oglethorpe,33.8807,-83.0807
Williamsburg,37.2693,-76.7076
Alleghany,37.7878,-80.0062
Mills,41.0334,-95.6213
Arenac,44.0656,-83.8952
Livingston,39.7821,-93.5483
Bledsoe,35.5964,-85.2051
Mitchell,36.0133,-82.1636
Cleburne,33.6746,-85.5188
LaSalle,31.6768,-92.1604
Sequatchie,35.3712,-85.4106
Hamilton,42.3838,-93.7068
Nolan,32.3035,-100.4061
Sibley,44.5795,-94.2321
Kossuth,43.2041,-94.2067
Jackson,28.9542,-96.5776
Nelson,37.7874,-78.8868
Hale,32.7627,-87.6291
Choctaw,34.0266,-95.5522
Gogebic,46.4087,-89.6944
Clay,36.3682,-90.4175
Trinity,31.0888,-95.1355
Gasconade,38.4409,-91.5079
Calhoun,33.6749,-80.7803
Pendleton,38.6956,-84.3603
Union,37.6584,-87.9454
Renville,44.7268,-94.9471
Trigg,36.8064,-87.8733
Morgan,39.6204,-81.8527
Moultrie,39.6415,-88.6193
Bourbon,37.8552,-94.8493
Dickenson,37.1258,-82.3504
Fleming,38.3701,-83.6966
Butler,42.7316,-92.7902
Clarke,39.1123,-77.9967
Fulton,39.9253,-78.1127
Rolette,48.7725,-99.8409
Walthall,31.1484,-90.1061
Calhoun,33.9365,-89.3365
Noble,39.7660,-81.4555
Carroll,42.0688,-89.9343
Hamilton,30.4964,-82.9479
Mono,37.9391,-118.8869
Cannon,35.8087,-86.0617
Madison,30.9655,-95.9284
Calhoun,30.4060,-85.1972
Las Animas,37.3158,-104.0387
Crockett,35.8135,-89.1395
Falls Church,38.8847,-77.1751
Jefferson,30.4375,-83.8953
Oglala Lakota,43.3355,-102.5516
Craig,36.7618,-95.2085
Larue,37.5458,-85.6979
Zapata,27.0008,-99.1686
Swain,35.4868,-83.4928
Bamberg,33.2148,-81.0542
Saline,40.5241,-97.1409
McIntosh,31.4963,-81.4103
Estill,37.6924,-83.9643
Winn,31.9442,-92.6369
Cedar,37.7239,-93.8566
Pennington,48.0663,-96.0367
Clay,42.9146,-96.9756
Rusk,45.4752,-91.1331
Jasper,33.3164,-83.6881
Harrison,41.6829,-95.8168
Massac,37.2189,-88.7076
Tallahatchie,33.9505,-90.1733
Braxton,38.6999,-80.7193
Chowan,36.1508,-76.6079
Newton,40.9558,-87.3976
Screven,32.7505,-81.6119
Murray,34.4823,-97.0679
Washington,38.3522,-89.4105
Callahan,32.2977,-99.3735
Crawford,44.6836,-84.6103
Lamar,33.7792,-88.0969
Converse,42.9724,-105.5071
McKenzie,47.7402,-103.3953
Ketchikan Gateway,55.5852,-130.9288
Roane,38.7140,-81.3483
Monroe,39.7274,-81.0829
Crenshaw,31.7315,-86.3135
Atoka,34.3736,-96.0378
O'Brien,43.0838,-95.6249
Hardy,39.0075,-78.8579
Newton,30.7864,-93.7447
Glades,26.9564,-81.1890
Allamakee,43.2843,-91.3781
Franklin,42.1811,-111.8132
Faribault,43.6739,-93.9480
White,38.0875,-88.1796
Glacier,48.7051,-112.9948
Wadena,46.5857,-94.9694
York,40.8727,-97.5971
Greene,31.2143,-88.6391
Osage,38.4604,-91.8618
Comanche,31.9480,-98.5582
Izard,36.0948,-91.9134
Archuleta,37.1936,-107.0484
Pend Oreille,48.5323,-117.2740
Dooly,32.1572,-83.7988
Stewart,36.5012,-87.8385
Perquimans,36.2058,-76.4411
Mason,40.2396,-89.9168
Ripley,36.6528,-90.8639
Bienville,32.3473,-93.0561
Kodiak Island,57.6807,-153.7972
Grundy,35.3884,-85.7226
Jackson,37.4198,-84.0058
Price,45.6804,-90.3614
Lewis,38.5315,-83.3781
Monroe,37.5604,-80.5505
Douglas,36.9326,-92.4988
Mississippi,36.8281,-89.2911
Big Horn,45.4234,-107.4897
Goshen,42.0879,-104.3533
Clay,33.2691,-85.8605
Lincoln,33.9570,-91.7344
Morgan,37.9223,-83.2589
Howard,34.0888,-93.9936
Hughes,35.0484,-96.2502
Jackson,39.4168,-95.7937
Clay,38.7542,-88.4902
Madison,38.4137,-78.2792
Ford,40.5972,-88.2233
Moffat,40.6184,-108.2073
Fremont,44.2288,-111.4819
Macon,32.3584,-84.0425
Buffalo,44.3798,-91.7545
Wayne,37.1126,-90.4614
Vinton,39.2510,-82.4853
Charlton,30.7817,-82.1377
Webster,37.5184,-87.6831
Lamb,34.0686,-102.3517
Cass,41.3315,-94.9278
Greene,39.3562,-90.3905
Amelia,37.3360,-77.9761
Millard,39.0733,-113.1006
Camp,32.9732,-94.9785
Bleckley,32.4344,-83.3279
Dawson,32.7425,-101.9477
Breathitt,37.5216,-83.3241
Butler,37.2073,-86.6817
Choctaw,32.0197,-88.2632
Lake,44.0220,-97.1294
Wilbarger,34.0808,-99.2410
Summers,37.6559,-80.8586
Shoshone,47.3530,-115.8924
Haskell,35.2248,-95.1166
Presque Isle,45.3401,-83.9180
Caldwell,37.1453,-87.8679
Pamlico,35.1435,-76.7407
Martinsville,36.6826,-79.8636
Wright,42.7331,-93.7351
Sumter,32.5911,-88.1988
Lawrence,31.5502,-90.1070
Stone,35.8599,-92.1568
Trinity,40.6507,-123.1126
Allen,37.8857,-95.3014
Pulaski,41.0418,-86.6988
Appanoose,40.7432,-92.8686
Bath,38.1450,-83.7427
Terry,33.1738,-102.3352
Johnson,37.4597,-88.8810
Pike,38.3988,-87.2322
Morris,33.1135,-94.7327
Koochiching,48.2453,-93.7834
Magoffin,37.7065,-83.0649
Little River,33.7009,-94.2352
Amite,31.1744,-90.8044
Todd,36.8356,-87.1792
Cass,39.9735,-90.2474
Union,41.0277,-94.2424
Fulton,36.3816,-91.8182
Lunenburg,36.9462,-78.2406
Powell,37.8311,-83.8237
Yalobusha,34.0282,-89.7076
Crawford,32.7145,-83.9863
Grundy,42.4019,-92.7914
Menard,40.0274,-89.8022
Meigs,35.5129,-84.8133
Conecuh,31.4293,-86.9937
Edmonson,37.2088,-86.2386
Bollinger,37.3222,-90.0259
Madison,37.4781,-90.3450
Live Oak,28.3514,-98.1248
Boundary,48.7669,-116.4629
Northumberland,37.8874,-76.4195
Lewis,35.5273,-87.4931
Poquoson,37.1318,-76.3568
Red River,33.6207,-95.0503
Colfax,36.6061,-104.6468
Jefferson,46.1485,-112.0938
Washington,37.7534,-85.1748
Prowers,37.9552,-102.3934
Linn,39.8702,-93.1072
Rains,32.8704,-95.7934
Okfuskee,35.4654,-96.3228
Perry,31.1720,-88.9923
Chickasaw,43.0600,-92.3177
Charlotte,37.0116,-78.6616
Morgan,41.0893,-111.5732
Zavala,28.8662,-99.7605
Blackford,40.4736,-85.3248
Franklin,29.8764,-84.8140
Skamania,46.0230,-121.9148
Chippewa,45.0223,-95.5667
DeKalb,39.8932,-94.4047
Marion,38.3589,-97.0969
Northampton,37.3430,-75.8770
Towns,34.9167,-83.7373
Big Horn,44.5267,-107.9952
Lake,43.9901,-85.8016
Sanders,47.6748,-115.1333
Lyon,43.3805,-96.2102
Washington,35.8226,-76.5775
Heard,33.2970,-85.1283
Teton,43.7594,-111.2076
Jackson,36.3592,-85.6731
Ward,31.5095,-103.1025
Blanco,30.2664,-98.3999
Barton,37.5023,-94.3471
Owyhee,42.5814,-116.1699
Decatur,35.6030,-88.1088
Juab,39.7027,-112.7848
Grant,39.1051,-79.1956
Custer,46.2527,-105.5717
Marshall,41.0332,-89.3448
Shelby,41.6851,-95.3102
Desha,33.8309,-91.2551
Ramsey,48.2689,-98.7201
Gates,36.4449,-76.7005
Morrow,45.4190,-119.5844
Martin,37.8016,-82.5132
Montgomery,38.9415,-91.4702
Greensville,36.6759,-77.5596
Wabash,38.4461,-87.8443
Rio Grande,37.5825,-106.3832
Cherokee,42.7356,-95.6238
Cottonwood,44.0071,-95.1812
Noble,36.3886,-97.2305
Nantucket,41.2831,-70.0692
Sussex,36.9218,-77.2618
Duval,27.6814,-98.5089
Pulaski,32.2323,-83.4760
Jefferson Davis,31.5697,-89.8230
Fergus,47.2636,-109.2245
Clay,35.0572,-83.7502
Bacon,31.5537,-82.4527
Madison,32.3644,-91.2427
Louisa,41.2185,-91.2596
Pope,45.5860,-95.4445
Iron,46.2087,-88.5306
Richland,47.7879,-104.5614
Roosevelt,48.2945,-105.0164
Valley,44.7666,-115.5663
Alleghany,36.4916,-81.1270
Washita,35.2904,-98.9922
Pushmataha,34.4162,-95.3759
Johnston,34.3165,-96.6606
Green,37.2641,-85.5531
Sierra,33.1305,-107.1924
Essex,37.9435,-76.9516
West Carroll,32.7885,-91.4568
Trousdale,36.3921,-86.1568
Watonwan,43.9784,-94.6141
Owen,38.5197,-84.8281
Box Butte,42.2198,-103.0857
Candler,32.4034,-82.0737
Bradley,33.4664,-92.1624
Custer,41.3943,-99.7262
Cumberland,39.2733,-88.2402
Mackinac,46.0805,-85.0867
Franklin,33.1755,-95.2184
Lincoln,47.5762,-118.4187
Switzerland,38.8262,-85.0369
Red Willow,40.1758,-100.4769
Pike,34.1635,-93.6564
Hancock,43.0819,-93.7343
Guthrie,41.6838,-94.5011
Coosa,32.9362,-86.2477
Carroll,38.6678,-85.1236
Carbon,45.2274,-109.0279
Lancaster,37.7345,-76.4632
Colfax,41.5740,-97.0865
Evans,32.1568,-81.8869
Camden,36.3877,-76.2064
Middlesex,37.6303,-76.5697
Walsh,48.3695,-97.7213
Monroe,36.7122,-85.7165
Barnes,46.9361,-98.0715
Mitchell,43.3564,-92.7890
Crawford,38.2924,-86.4517
Lake,47.6410,-91.4458
Noxubee,33.1101,-88.5697
Oregon,36.6867,-91.4034
Wilcox,31.9893,-87.3082
Lanier,31.0379,-83.0627
Winnebago,43.3776,-93.7342
Sabine,31.3432,-93.8518
Chattahoochee,32.3470,-84.7870
Clay,33.7855,-98.2085
Chicot,33.2670,-91.2937
Alcona,44.6854,-83.5937
Mountrail,48.2013,-102.3557
Perry,34.9476,-92.9312
Roberts,45.6296,-96.9461
Todd,43.1934,-100.7185
Butte,44.9058,-103.5080
Runnels,31.8311,-99.9762
Scott,34.8607,-94.0633
Ralls,39.5277,-91.5220
Nowata,36.7985,-95.6174
Latimer,34.8760,-95.2504
Dimmit,28.4226,-99.7567
St. Helena,30.8219,-90.7103
Early,31.3228,-84.9037
Clinton,36.7275,-85.1361
Bullock,32.1005,-85.7157
Martin,38.7080,-86.8031
Keokuk,41.3365,-92.1786
Iron,37.5552,-90.7735
Washington,44.4524,-116.7847
Love,33.9499,-97.2441
Holt,42.4557,-98.7838
Nemaha,39.7834,-96.0141
Emery,38.9967,-110.7007
Franklin,42.7325,-93.2625
Leslie,37.0941,-83.3811
Metcalfe,36.9905,-85.6292
Howard,39.1425,-92.6963
Montgomery,41.0301,-95.1564
Yuma,40.0029,-102.4243
Nome,64.9111,-164.0273
Marion,32.7980,-94.3571
Carroll,33.4485,-89.9202
Caldwell,32.0924,-92.1166
Montgomery,33.4941,-89.6164
Lowndes,32.1547,-86.6501
Ochiltree,36.2784,-100.8157
Lewis,40.0969,-91.7221
Grundy,40.1139,-93.5653
Jackson,43.6742,-95.1541
Cumberland,37.5121,-78.2449
Sublette,42.7669,-109.9147
Kemper,32.7546,-88.6412
Tunica,34.6507,-90.3750
Wilkes,33.7819,-82.7432
Yellow Medicine,44.7163,-95.8684
Stevens,45.5861,-96.0003
Ritchie,39.1783,-81.0630
Webster,33.6131,-89.2848
Johnson,32.7015,-82.6601
Marshall,39.7836,-96.5229
Sac,42.3863,-95.1054
Grand,38.9820,-109.5699
Linn,38.2123,-94.8430
Calhoun,42.3852,-94.6404
Parmer,34.5300,-102.7845
Catahoula,31.6662,-91.8470
Brown,39.8265,-95.5642
White Pine,39.4422,-114.9017
Stillwater,45.6690,-109.3952
Jasper,39.0100,-88.1538
Clear Creek,39.6891,-105.6444
Rice,38.3472,-98.2010
McLean,47.6069,-101.3218
Blaine,35.8752,-98.4334
Humboldt,42.7764,-94.2072
McCormick,33.8995,-82.3100
Greenlee,33.2152,-109.2402
St. Clair,38.0372,-93.7760
Beaverhead,45.1327,-112.8988
Jones,35.0217,-77.3552
Hickory,37.9408,-93.3207
Cheyenne,41.2197,-102.9950
Wayne,42.2093,-97.1193
Rock,43.6747,-96.2532
Clarke,41.0290,-93.7852
Irwin,31.6023,-83.2764
North Slope,69.3122,-153.4811
Stephens,32.7359,-98.8362
Marshall,48.3581,-96.3685
Swift,45.2827,-95.6815
Pratt,37.6477,-98.7396
Charles Mix,43.2079,-98.5879
Emmet,43.3780,-94.6785
Montmorency,45.0276,-84.1272
Brewster,29.8119,-103.2517
Benewah,47.2175,-116.6587
Hamilton,40.8730,-98.0229
McLean,37.5292,-87.2636
Howard,43.3568,-92.3172
Livingston,37.2096,-88.3537
Pipestone,44.0230,-96.2587
Deer Lodge,46.0608,-113.0678
Ozark,36.6493,-92.4447
Perry,32.6384,-87.2944
Alger,46.4086,-86.6040
Montgomery,32.1734,-82.5348
Rosebud,46.2297,-106.7307
Caldwell,39.6557,-93.9827
Phelps,40.5111,-99.4146
Claiborne,31.9737,-90.9118
Forest,45.6673,-88.7704
Davis,40.7477,-92.4097
Montgomery,34.5389,-93.6595
Lee,34.7805,-90.7808
Somervell,32.2222,-97.7744
Richmond,37.9434,-76.7269
Wilkinson,32.8024,-83.1712
Palo Alto,43.0821,-94.6781
Crittenden,37.3527,-88.0972
Greene,42.0363,-94.3968
Woods,36.7669,-98.8651
Jack,33.2335,-98.1725
Cuming,41.9164,-96.7874
Clearwater,47.5776,-95.3790
Modoc,41.5898,-120.7250
Cloud,39.4803,-97.6493
Custer,43.6776,-103.4515
Dawson,47.2664,-104.8995
Kiowa,34.9164,-98.9809
Maries,38.1616,-91.9249
Allendale,32.9881,-81.3582
Jenkins,32.7925,-81.9635
Mathews,37.4354,-76.3437
Gallatin,38.7569,-84.8593
Archer,33.6153,-98.6877
Hancock,37.8415,-86.7779
Tyler,39.4653,-80.8848
Clearwater,46.6737,-115.6567
Wilkinson,31.1611,-91.3109
Carroll,39.4270,-93.5052
Wilcox,31.9729,-83.4323
Benton,40.6063,-87.3109
Dawes,42.7198,-103.1354
Monona,42.0517,-95.9599
Terrell,31.7770,-84.4370
Monroe,39.4955,-92.0007
Yoakum,33.1730,-102.8278
Wilson,37.5592,-95.7434
Clay,38.4625,-81.0751
Lafayette,29.9855,-83.1811
Platte,42.1332,-104.9659
Sitka,57.2401,-135.3152
Lucas,41.0294,-93.3277
Madison,45.3007,-111.9203
Trimble,38.6130,-85.3375
Johnson,44.0388,-106.5847
Graham,35.3502,-83.8335
Hancock,33.2704,-83.0007
Doddridge,39.2692,-80.7070
Cedar,42.5993,-97.2524
Red River,32.0931,-93.3398
Marion,32.3535,-84.5246
Hamilton,31.7048,-98.1107
Harrison,40.3547,-93.9921
Knox,42.6368,-97.8919
Pocahontas,38.3318,-80.0078
Mercer,47.3092,-101.8315
Baraga,46.6626,-88.3652
Liberty,30.2414,-84.8829
Turner,43.3109,-97.1487
Atkinson,31.2971,-82.8801
Bracken,38.6888,-84.0902
Kusilvak,62.1550,-163.3826
Daviess,39.9608,-93.9855
Webster,38.4947,-80.4219
Oscoda,44.6818,-84.1298
Coleman,31.7732,-99.4536
Benton,34.8173,-89.1885
Quay,35.1043,-103.5498
San Augustine,31.3942,-94.1682
Mitchell,32.3062,-100.9212
Nevada,33.6640,-93.3072
Murray,44.0221,-95.7633
Lyon,37.0191,-88.0833
Greene,32.8531,-87.9522
Warren,40.3469,-87.3533
Seminole,30.9388,-84.8688
Coffey,38.2369,-95.7341
Shannon,37.1574,-91.4005
Choctaw,33.3473,-89.2484
Houston,36.2860,-87.7170
Humphreys,33.1287,-90.5266
Twiggs,32.6672,-83.4271
Hamilton,38.0815,-88.5391
Prairie,34.8298,-91.5528
Conejos,37.2007,-106.1916
Taylor,32.5555,-84.2505
San Miguel,38.0037,-108.4057
Cleveland,33.8984,-92.1851
Keith,41.1988,-101.6614
Schoolcraft,46.1966,-86.1995
Clay,39.3497,-97.1652
Perry,35.6426,-87.8589
Franklin,36.6831,-76.9386
Traill,47.4542,-97.1616
Butler,41.2261,-97.1318
Gilmer,38.9241,-80.8571
McCulloch,31.1989,-99.3475
Washakie,43.9050,-107.6829
Lincoln,33.7936,-82.4512
Lemhi,44.9433,-113.9332
Turner,31.7164,-83.6241
Ballard,37.0585,-88.9994
Richardson,40.1250,-95.7176
Decatur,40.7377,-93.7863
Searcy,35.9109,-92.6995
Wheeler,32.1170,-82.7246
Lake,42.7935,-120.3874
Anderson,38.2142,-95.2933
Lake,39.2025,-106.3448
Merrick,41.1690,-98.0380
Winkler,31.8500,-103.0482
Monroe,41.0298,-92.8690
Newton,35.9200,-93.2178
Thomas,39.3509,-101.0555
Franklin,31.4772,-90.8979
Northwest Arctic,67.0530,-159.7210
Kane,37.2851,-111.8877
Major,36.3116,-98.5360
Ferry,48.4703,-118.5166
Clay,36.5511,-85.5439
Power,42.6937,-112.8407
Boise,43.9891,-115.7303
Doniphan,39.7881,-95.1468
Goliad,28.6571,-97.4265
Dade,37.4320,-93.8503
Castro,34.5299,-102.2617
La Salle,28.3451,-99.0997
Crook,44.5886,-104.5699
Elliott,38.1179,-83.0976
Pleasants,39.3709,-81.1606
Chariton,39.5151,-92.9626
Valley,48.3653,-106.6674
Worth,43.3774,-93.2608
Swisher,34.5304,-101.7350
Rappahannock,38.6848,-78.1592
Tillman,34.3728,-98.9242
Grant,37.5623,-101.3080
Harney,43.0641,-118.9679
Hutchinson,43.3349,-97.7544
Lake,36.3352,-89.4935
Dallam,36.2779,-102.6023
Pepin,44.5829,-92.0015
Kit Carson,39.3055,-102.6029
Childress,34.5292,-100.2076
Thurston,42.1582,-96.5440
Lexington,37.7825,-79.4441
Forest,41.5130,-79.2361
Nicholas,38.3356,-84.0153
Wolfe,37.7393,-83.4932
Calhoun,38.8445,-81.1176
Grant,44.4915,-119.0073
Kingman,37.5589,-98.1363
Union,39.6256,-84.9251
Pierce,42.2644,-97.6013
Jefferson,31.7342,-91.0373
Grant,45.1719,-96.7677
Dallas,33.9699,-92.6544
Van Buren,40.7532,-91.9500
Jefferson,40.1757,-97.1427
Brooks,27.0316,-98.2187
Lee,37.5948,-83.7162
Grand Isle,44.7968,-73.2949
Wallowa,45.5799,-117.1811
Adair,41.3307,-94.4709
Quitman,34.2514,-90.2891
Caribou,42.7705,-111.5623
Refugio,28.3253,-97.1656
King and Queen,37.7186,-76.8953
Nemaha,40.3877,-95.8498
Pendleton,38.6807,-79.3509
Charles City,37.3567,-77.0622
Cameron,29.8754,-93.1937
East Carroll,32.7325,-91.2350
Tucker,39.1136,-79.5650
Weston,43.8405,-104.5678
Bailey,34.0685,-102.8299
Bon Homme,42.9885,-97.8846
Southeast Fairbanks,63.8762,-143.2130
Schuyler,40.1580,-90.6151
Russell,38.9148,-98.7624
Fremont,40.7456,-95.6047
Randolph,31.7626,-84.7542
Monroe,34.6778,-91.2039
Wabaunsee,38.9533,-96.2050
Ida,42.3869,-95.5135
Benson,48.0694,-99.3660
Pembina,48.7675,-97.5518
Powell,46.8564,-112.9361
Presidio,29.9998,-104.2405
Treutlen,32.4039,-82.5673
Clark,40.4103,-91.7384
Huerfano,37.6847,-104.9606
Henderson,40.8181,-90.9251
Saguache,38.0806,-106.2815
Lafayette,33.2416,-93.6070
Pocahontas,42.7342,-94.6787
Fall River,43.2394,-103.5275
Blaine,48.4327,-108.9586
Cumberland,36.7866,-85.3885
Clinch,30.9149,-82.7062
Lac qui Parle,44.9955,-96.1735
Brown,39.9618,-90.7504
Beaver,38.3570,-113.2358
Pershing,40.4403,-118.4045
Kearney,40.5067,-98.9480
Gentry,40.2121,-94.4099
Hancock,36.5236,-83.2219
Pawnee,38.1813,-99.2367
Moody,44.0220,-96.6709
Burt,41.8515,-96.3286
Chugach,60.7228,-145.7754
Woodruff,35.1863,-91.2431
Buena Vista,37.7319,-79.3568
Norman,47.3265,-96.4553
Menifee,37.9414,-83.5989
Surry,37.1098,-76.9002
Stewart,32.0785,-84.8352
Spink,44.9380,-98.3462
Edwards,38.4165,-88.0533
Howard,41.2200,-98.5171
Wayne,40.7395,-93.3274
Bottineau,48.7922,-100.8333
Galax,36.6660,-80.9176
Moore,35.2846,-86.3587
Rio Blanco,39.9798,-108.2171
Prince of Wales-Hyder,55.7997,-133.0192
Bland,37.1340,-81.1302
Antelope,42.1769,-98.0667
Calhoun,31.5292,-84.6245
Luce,46.4707,-85.5444
Reynolds,37.3623,-90.9691
Wilkin,46.3570,-96.4683
Talbot,32.6995,-84.5330
Clay,40.5244,-98.0513
Essex,44.7275,-71.7359
Ellsworth,38.6966,-98.2048
Sullivan,40.2106,-93.1115
Taylor,40.7374,-94.6964
Teton,47.8372,-112.2406
Gilpin,39.8575,-105.5226
Hamlin,44.6738,-97.1883
Carter,36.9412,-90.9623
Jefferson,34.1110,-97.8358
Broadwater,46.3324,-111.4955
Fulton,36.5540,-89.1874
Bear Lake,42.2848,-111.3297
Mitchell,39.3933,-98.2094
Sullivan,41.4462,-76.5122
Garza,33.1799,-101.2984
Gray,37.7382,-100.4379
Osceola,43.3786,-95.6237
Alexander,37.1915,-89.3375
Greenwood,37.8778,-96.2326
San Saba,31.1552,-98.8176
Shelby,39.7978,-92.0766
Grant,45.9340,-96.0122
Carson,35.4035,-101.3543
Stanton,41.9169,-97.1939
Pondera,48.2279,-112.2267
Sherman,39.3514,-101.7200
Ohio,38.9501,-84.9652
Lynn,33.1768,-101.8161
Dewey,45.1566,-100.8718
McHenry,48.2346,-100.6363
Van Buren,35.6960,-85.4526
Ontonagon,46.6644,-89.3148
Cherry,42.5450,-101.1186
Alfalfa,36.7310,-98.3240
Greer,34.9357,-99.5608
Cotton,34.2902,-98.3722
Floyd,34.0725,-101.3032
Ottawa,39.1325,-97.6502
Wirt,39.0225,-81.3786
Crosby,33.6146,-101.3000
Crowley,38.3266,-103.7845
Chouteau,47.8806,-110.4352
Miller,31.1640,-84.7308
Putnam,41.2045,-89.2858
Haskell,33.1782,-99.7303
Aleutians West,52.7980,-106.6061
Dixon,42.4931,-96.8677
Iron,46.2623,-90.2420
Bent,37.9551,-103.0716
Martin,32.3060,-101.9512
Covington,37.7786,-79.9867
Lincoln,44.4126,-96.2671
Lincoln,38.9880,-103.5140
Hartley,35.8400,-102.6029
Coal,34.5882,-96.2978
Lander,39.9338,-117.0379
Morris,38.6874,-96.6499
McCook,43.6743,-97.3685
Fillmore,40.5247,-97.5965
Audubon,41.6846,-94.9058
Mahnomen,47.3253,-95.8091
Harper,37.1916,-98.0754
Stevens,37.1923,-101.3121
Washington,39.7842,-97.0875
Day,45.3671,-97.6074
Tripp,43.3459,-99.8840
Hansford,36.2774,-101.3546
Walworth,45.4300,-100.0315
Norton,39.7844,-99.9035
Pulaski,37.2232,-89.1266
Emporia,36.6953,-77.5356
Cook,47.9026,-90.5351
Stark,41.0934,-89.7974
Lincoln,43.0024,-114.1383
Beaver,36.7497,-100.4768
Yukon-Koyukuk,65.5087,-151.3896
Phillips,39.7846,-99.3470
Delta,33.3863,-95.6723
Warren,33.4089,-82.6767
Ransom,46.4562,-97.6574
Brule,43.7181,-99.0809
Boone,41.7068,-98.0673
Schley,32.2616,-84.3147
Sheridan,42.5048,-102.4089
Polk,41.1869,-97.5684
Wheeler,35.4013,-100.2698
Jim Hogg,27.0434,-98.6973
Atchison,40.4308,-95.4281
Lincoln,37.6433,-114.8776
Calhoun,33.5581,-92.5030
Johnson,40.3926,-96.2651
Craig,37.4817,-80.2114
Hyde,35.5305,-76.2509
Pickett,36.5584,-85.0749
Garfield,37.8549,-111.4431
Thayer,40.1762,-97.5949
Rooks,39.3502,-99.3250
Gallatin,37.7628,-88.2305
Scott,39.6441,-90.4747
Big Stone,45.4261,-96.4109
Custer,38.1087,-105.3675
Kingsbury,44.3696,-97.4915
Dillingham,59.7991,-158.2351
Scotland,40.4526,-92.1470
Ringgold,40.7352,-94.2440
Scott,38.4822,-100.9069
Ouray,38.1555,-107.7693
Dewey,35.9876,-99.0080
Marshall,45.7586,-97.5986
Mills,31.4952,-98.5955
Washington,39.9710,-103.2013
Dickey,46.1102,-98.5047
Toole,48.6554,-111.6957
Calhoun,39.1693,-90.6676
Putnam,40.4789,-93.0162
Crane,31.4285,-102.5156
Carlisle,36.8532,-88.9710
Furnas,40.1764,-99.9123
Morrill,41.7160,-103.0105
Hudspeth,31.4562,-105.3865
Musselshell,46.4966,-108.3981
Republic,39.8278,-97.6506
Menominee,45.0044,-88.7100
Schuyler,40.4703,-92.5209
Hot Springs,43.7189,-108.4421
Cameron,41.4368,-78.2039
Mora,36.0106,-104.9451
Barber,37.2289,-98.6848
Mineral,38.5386,-118.4350
Hickman,36.6782,-88.9761
Hamilton,43.6611,-74.4974
Tensas,32.0018,-91.3401
Oneida,42.1950,-112.5394
Sharkey,32.8798,-90.8132
Owsley,37.4192,-83.6831
Kimble,30.4868,-99.7487
Holt,40.0944,-95.2155
Grant,36.7961,-97.7861
Dunn,47.3568,-102.6182
Phillips,40.5939,-102.3576
Sioux,46.1127,-101.0404
Guadalupe,34.8633,-104.7906
Mineral,47.1472,-114.9983
Wahkiakum,46.2918,-123.4244
Florence,45.8485,-88.3981
Deuel,44.7601,-96.6680
Kittson,48.7766,-96.7829
Bath,38.0587,-79.7411
Mason,30.7177,-99.2262
Hidalgo,31.9140,-108.7148
LaMoure,46.4569,-98.5355
Nuckolls,40.1764,-98.0472
Adams,44.8895,-116.4538
Custer,44.2411,-114.2817
Gregory,43.1924,-99.1856
Pope,37.4127,-88.5615
Stafford,38.0310,-98.7174
Meade,37.2382,-100.3662
Corson,45.7086,-101.1969
Union,36.4817,-103.4710
Valley,41.5673,-98.9819
Storey,39.4470,-119.5294
Pierce,48.2496,-99.9718
Phillips,48.2592,-107.9132
Columbia,46.2975,-117.9078
Red Lake,47.8717,-96.0953
Haskell,37.5622,-100.8712
Tyrrell,35.8172,-76.2090
Norton,36.9314,-82.6262
Hardeman,34.2903,-99.7457
Knox,40.1282,-92.1481
Echols,30.7101,-82.8940
Ellis,36.2184,-99.7547
Hemphill,35.8375,-100.2705
Sargent,46.1078,-97.6306
Hardin,37.5182,-88.2668
Wells,47.5875,-99.6609
Edmunds,45.4188,-99.2153
Kearny,38.0002,-101.3199
Lewis,46.2370,-116.4263
Lyman,43.8958,-99.8474
Fisher,32.7428,-100.4022
Costilla,37.2781,-105.4283
Sutton,30.4984,-100.5382
Cavalier,48.7723,-98.4648
Reagan,31.3662,-101.5231
Lake of the Woods,48.7712,-94.9046
Harper,36.7888,-99.6673
Clark,44.8583,-97.7295
Chase,40.5242,-101.6980
Knox,33.6061,-99.7414
Sweet Grass,45.8139,-109.9410
Kinney,29.3502,-100.4180
Upton,31.3687,-102.0431
Roger Mills,35.6883,-99.6958
Adams,41.0290,-94.6992
Mercer,40.4223,-93.5686
Smith,39.7852,-98.7855
Kimball,41.1977,-103.7149
Baca,37.3192,-102.5604
Baylor,33.6165,-99.2135
Catron,33.9153,-108.4047
Nance,41.3973,-97.9922
Webster,40.1764,-98.5000
Osborne,39.3503,-98.7680
Bennett,43.1950,-101.6640
Real,29.8317,-99.8222
Hanson,43.6748,-97.7873
Crockett,30.7230,-101.4121
Aleutians East,55.3665,-161.9813
Sheridan,48.7212,-104.5047
Harlan,40.1765,-99.4046
Granite,46.4045,-113.4404
Donley,34.9654,-100.8140
Lipscomb,36.2777,-100.2731
Coke,31.8886,-100.5299
Jackson,43.6942,-101.6281
Shackelford,32.7360,-99.3541
Traverse,45.7722,-96.4716
Chautauqua,37.1500,-96.2454
Petersburg,57.1195,-132.9344
Emmons,46.2851,-100.2387
Foster,47.4571,-98.8830
Woodson,37.8867,-95.7401
Bowman,46.1126,-103.5206
Baker,31.3261,-84.4447
Hand,44.5478,-99.0049
Stanley,44.4123,-100.7359
Sherman,36.2777,-101.8935
Hall,34.5308,-100.6811
Concho,31.3265,-99.8640
Sherman,41.2206,-98.9762
Lincoln,39.0453,-98.2077
Perkins,45.4905,-102.4757
Glascock,33.2293,-82.6107
Fallon,46.3340,-104.4174
Franklin,40.1763,-98.9528
Rush,38.5232,-99.3092
Collingsworth,34.9649,-100.2700
Clay,31.6263,-84.9801
Douglas,43.3869,-98.3661
Sierra,39.5804,-120.5161
Schleicher,30.8975,-100.5385
Copper River,61.8834,-143.9680
Perkins,40.8509,-101.6496
Brown,42.4300,-99.9295
Nelson,47.9217,-98.1920
Cochran,33.6042,-102.8285
Jewell,39.7847,-98.2183
Ness,38.4794,-99.9162
Decatur,39.7847,-100.4599
Edwards,37.8876,-99.3122
Trego,38.9143,-99.8728
Logan,38.9173,-101.1484
Hitchcock,40.1763,-101.0423
Ziebach,44.9804,-101.6658
Aurora,43.7180,-98.5616
Wayne,38.3243,-110.9039
Harmon,34.7441,-99.8463
Morton,37.1914,-101.7992
Gove,38.9161,-100.4830
Pawnee,40.1315,-96.2371
Cheyenne,39.7858,-101.7312
Frontier,40.5301,-100.3942
Chase,38.3020,-96.5939
Butte,43.7229,-113.1721
Webster,32.0468,-84.5511
Hamilton,37.9991,-101.7912
Haines,59.1199,-135.5000
McIntosh,46.1118,-99.4412
Sheridan,39.3503,-100.4418
Wrangell,56.3317,-132.0223
Hettinger,46.4325,-102.4603
Denali,63.6714,-150.0118
Elk,37.4537,-96.2441
Rawlins,39.7852,-101.0757
Kiowa,37.5582,-99.2861
Kidder,46.9801,-99.7801
Graham,39.3497,-99.8832
Liberty,48.5617,-111.0246
Rich,41.6323,-111.2445
Renville,48.7190,-101.6578
Niobrara,43.0565,-104.4754
Sanborn,44.0234,-98.0914
Greeley,41.5674,-98.5212
Grant,46.3583,-101.6397
McPherson,45.7664,-99.2214
Faulk,45.0710,-99.1453
Griggs,47.4573,-98.2370
Potter,45.0645,-99.9573
Sedgwick,40.8759,-102.3518
Quitman,31.8673,-85.0188
Divide,48.8149,-103.4872
Adams,46.0968,-102.5285
Eddy,47.7176,-98.9016
Garfield,46.4316,-117.5452
Jeff Davis,30.7154,-104.1400
Miner,44.0220,-97.6102
Highland,38.3623,-79.5685
Towner,48.6855,-99.2458
Culberson,31.4470,-104.5173
Dickens,33.6166,-100.7789
Cimarron,36.7483,-102.5177
Burke,48.7910,-102.5182
Robertson,38.5188,-84.0520
Wheatland,46.4663,-109.8445
Hoonah-Angoon,58.2884,-135.6430
Wichita,38.4821,-101.3474
Oldham,35.4050,-102.6029
Menard,30.8898,-99.8206
Keweenaw,47.6280,-88.4346
Garfield,41.9144,-98.9914
Mellette,43.5813,-100.7600
Stanton,37.5630,-101.7842
Jerauld,44.0663,-98.6296
Clark,37.2355,-99.8203
Buffalo,44.0763,-99.2049
Worth,40.4791,-94.4221
Gosper,40.5148,-99.8307
Cheyenne,38.8279,-102.6035
De Baca,34.3425,-104.4120
Judith Basin,47.0455,-110.2660
Oliver,47.1153,-101.3403
Armstrong,34.9649,-101.3574
Edwards,29.9827,-100.3047
Haakon,44.2944,-101.5400
Dundy,40.1762,-101.6880
Garden,41.6194,-102.3354
Dolores,37.7517,-108.5174
Gilliam,45.3782,-120.2108
Boyd,42.8997,-98.7665
Hodgeman,38.0875,-99.8979
Piute,38.3367,-112.1273
Eureka,39.9839,-116.2686
McCone,47.6452,-105.7954
Steele,47.4562,-97.7246
Golden Valley,46.9402,-103.8466
Meagher,46.5982,-110.8857
Deuel,41.1116,-102.3339
Comanche,37.1913,-99.2718
Logan,46.4573,-99.4774
Daniels,48.7838,-105.5485
Sherman,45.4052,-120.6894
Powder River,45.3950,-105.6302
Cottle,34.0777,-100.2788
Taliaferro,33.5661,-82.8788
Wallace,38.9167,-101.7636
Irion,31.3039,-100.9824
Lane,38.4813,-100.4664
Throckmorton,33.1775,-99.2124
Kiowa,38.4327,-102.7403
Campbell,45.7712,-100.0516
Glasscock,31.8694,-101.5208
Hyde,44.5473,-99.4871
Rock,42.4213,-99.4499
Wheeler,44.7261,-120.0276
Stonewall,33.1791,-100.2533
Motley,34.0741,-100.7798
Briscoe,34.5303,-101.2086
Jackson,40.6664,-106.3428
Carter,45.5168,-104.5362
Skagway,59.5630,-135.3363
Sioux,42.4877,-103.7589
Sheridan,47.5755,-100.3456
Sully,44.7156,-100.1322
Sterling,31.8279,-101.0500
Issaquena,32.7414,-90.9892
Foard,33.9746,-99.7780
Harding,45.5803,-103.4958
Prairie,46.8605,-105.3780
Alpine,38.5972,-119.8207
Greeley,38.4805,-101.8060
Lake and Peninsula,58.6547,-156.1892
Camas,43.4633,-114.8058
Garfield,47.2776,-106.9929
Wibaux,46.9653,-104.2490
Esmeralda,37.7847,-117.6323
Terrell,30.2250,-102.0765
Logan,41.5666,-100.4827
Hayes,40.5248,-101.0619
Billings,47.0236,-103.3763
Clark,44.2839,-112.3512
Keya Paha,42.8789,-99.7124
Jones,43.9606,-100.6897
Mineral,37.6689,-106.9241
Golden Valley,46.3812,-109.1751
Slope,46.4472,-103.4599
Roberts,35.8385,-100.8134
Hinsdale,37.8215,-107.3003
Hooker,41.9161,-101.1353
Bristol Bay,58.7439,-156.7000
McMullen,28.3527,-98.5678
Kent,33.1814,-100.7776
Grant,41.9150,-101.7405
Loup,41.9138,-99.4544
Wheeler,41.9148,-98.5282
Borden,32.7437,-101.4318
San Juan,37.7640,-107.6762
Banner,41.5460,-103.7105
Treasure,46.2115,-107.2716
Yakutat,59.8889,-140.3577
Daggett,40.8873,-109.5076
Thomas,41.9136,-100.5558
Blaine,41.9128,-99.9768
Petroleum,47.1176,-108.2502
Arthur,41.5689,-101.6958
Kalawao,21.1709,-156.9475
Harding,35.8579,-103.8202
McPherson,41.5682,-101.0604
Kenedy,26.9285,-97.7017
King,33.6165,-100.2558
Loving,31.8493,-103.5800